#2026 05 01 12:03:36.980#Z#INFO#c8df2564-4555-11f1-8bc2-eeee0a96607a.OPERATION#http-nio-0.0.0.0-8080-exec-2#
[XS2StartProcessListener] Operation ID: c8df2564-4555-11f1-8bc2-eeee0a96607a#
#2026 05 01 12:03:37.000#Z#DEBUG#c8df2564-4555-11f1-8bc2-eeee0a96607a.OPERATION#http-nio-0.0.0.0-8080-exec-2#
[XS2StartProcessListener] Process environment: {
  "SKIP_SSL_VALIDATION" : "false",
  "FLOWABLE_JOB_EXECUTOR_MAX_THREADS" : "32",
  "VERSION" : "2.44.3",
  "BASIC_AUTH_ENABLED" : "true",
  "FLOWABLE_JOB_EXECUTOR_QUEUE_CAPACITY" : "16",
  "FLOWABLE_JOB_EXECUTOR_CORE_THREADS" : "8"
}#
#2026 05 01 12:03:37.000#Z#DEBUG#c8df2564-4555-11f1-8bc2-eeee0a96607a.OPERATION#http-nio-0.0.0.0-8080-exec-2#
[XS2StartProcessListener] Current user: amitnaik9108@gmail.com#
#2026 05 01 12:03:37.000#Z#DEBUG#c8df2564-4555-11f1-8bc2-eeee0a96607a.OPERATION#http-nio-0.0.0.0-8080-exec-2#
[XS2StartProcessListener] Client space: dev#
#2026 05 01 12:03:37.000#Z#DEBUG#c8df2564-4555-11f1-8bc2-eeee0a96607a.OPERATION#http-nio-0.0.0.0-8080-exec-2#
[XS2StartProcessListener] Client organization: 994ae882trial#
#2026 05 01 12:03:37.000#Z#INFO#c8df2564-4555-11f1-8bc2-eeee0a96607a.OPERATION#http-nio-0.0.0.0-8080-exec-2#
[XS2StartProcessListener] Process variables: {
  "keepFiles" : false,
  "skipAppDigestCalculation" : false,
  "abortOnError" : true,
  "mtaId" : "backorder-history",
  "noFailOnMissingPermissions" : false,
  "isSecurityEnabled" : false,
  "apiRequestPath" : "https://deploy-service.cf.us10-001.hana.ondemand.com/api/v1/spaces/c51380c4-d99a-4d8c-a5f3-74fd0dd27165/operations",
  "deleteServiceBrokers" : false,
  "appArchiveId" : "d1a9a939-4923-45b7-b232-66ae71ef5f74,9fe47e28-308d-4066-a702-914911e6f12b",
  "isDisposableUserProvidedServiceEnabled" : false,
  "deleteServiceKeys" : false,
  "noRestartSubscribedApps" : false,
  "noStart" : false,
  "deleteServices" : false
}#
#2026 05 01 12:03:37.046#Z#DEBUG#c8df2564-4555-11f1-8bc2-eeee0a96607a.OPERATION#flowable-async-job-executor-thread-26743#
[ValidateDeployParametersStep] Executing task "validateParametersTask" of process "c8df258a-4555-11f1-8bc2-eeee0a96607a"...#
#2026 05 01 12:03:37.046#Z#DEBUG#c8df2564-4555-11f1-8bc2-eeee0a96607a.OPERATION#flowable-async-job-executor-thread-26743#
[ValidateDeployParametersStep] Validating parameters...#
#2026 05 01 12:03:37.049#Z#INFO#c8df2564-4555-11f1-8bc2-eeee0a96607a.OPERATION#flowable-async-job-executor-thread-26743#
[ValidateDeployParametersStep] Size of mtars is 49,161,105 and size of extension descriptors is 0#
#2026 05 01 12:03:37.049#Z#INFO#c8df2564-4555-11f1-8bc2-eeee0a96607a.OPERATION#flowable-async-job-executor-thread-26743#
[ValidateDeployParametersStep] Archive was split to: 2 parts. Total size in bytes: 49,161,105. Uploading started...#
#2026 05 01 12:03:37.086#Z#DEBUG#c8df2564-4555-11f1-8bc2-eeee0a96607a.OPERATION#pool-10-thread-3#
[ValidateDeployParametersStep] Opening a new input stream for file with ID: 9fe47e28-308d-4066-a702-914911e6f12b and name: backorder-history_1.0.0.mtar.part.0#
#2026 05 01 12:03:37.909#Z#DEBUG#c8df2564-4555-11f1-8bc2-eeee0a96607a.OPERATION#pool-10-thread-3#
[ValidateDeployParametersStep] Opening a new input stream for file with ID: d1a9a939-4923-45b7-b232-66ae71ef5f74 and name: backorder-history_1.0.0.mtar.part.1#
#2026 05 01 12:03:38.313#Z#INFO#c8df2564-4555-11f1-8bc2-eeee0a96607a.OPERATION#flowable-async-job-executor-thread-26743#
[ValidateDeployParametersStep] Archive with ID: 477eb41c-42ed-4137-9c6e-6c2d9fc3aec4 and name: backorder-history_1.0.0.mtar was stored#
#2026 05 01 12:03:38.313#Z#INFO#c8df2564-4555-11f1-8bc2-eeee0a96607a.OPERATION#flowable-async-job-executor-thread-26743#
[ValidateDeployParametersStep] Deploying in org "994ae882trial" and space "dev"#
#2026 05 01 12:03:38.317#Z#DEBUG#c8df2564-4555-11f1-8bc2-eeee0a96607a.OPERATION#flowable-async-job-executor-thread-26743#
[ValidateDeployParametersStep] Parameters validated#
#2026 05 01 12:03:38.317#Z#DEBUG#c8df2564-4555-11f1-8bc2-eeee0a96607a.OPERATION#flowable-async-job-executor-thread-26743#
Step "Validate Parameters" finished#
#2026 05 01 12:03:38.346#Z#DEBUG#c8df2564-4555-11f1-8bc2-eeee0a96607a.OPERATION#flowable-async-job-executor-thread-26744#
[DeleteRemainingFileParts] Executing task "deleteRemainingFileParts" of process "c8df258a-4555-11f1-8bc2-eeee0a96607a"...#
#2026 05 01 12:03:38.435#Z#DEBUG#c8df2564-4555-11f1-8bc2-eeee0a96607a.OPERATION#flowable-async-job-executor-thread-26744#
Step "Delete Remaining File Parts" finished#
#2026 05 01 12:03:38.468#Z#DEBUG#c8df2564-4555-11f1-8bc2-eeee0a96607a.OPERATION#flowable-async-job-executor-thread-26746#
[XS2ProcessMtaArchiveStep] Executing task "processArchiveTask" of process "c8df258a-4555-11f1-8bc2-eeee0a96607a"...#
#2026 05 01 12:03:38.469#Z#DEBUG#c8df2564-4555-11f1-8bc2-eeee0a96607a.OPERATION#flowable-async-job-executor-thread-26746#
[XS2ProcessMtaArchiveStep] Processing MTA archive...#
#2026 05 01 12:03:38.469#Z#DEBUG#c8df2564-4555-11f1-8bc2-eeee0a96607a.OPERATION#flowable-async-job-executor-thread-26746#
[XS2ProcessMtaArchiveStep] MTA Archive ID: 477eb41c-42ed-4137-9c6e-6c2d9fc3aec4#
#2026 05 01 12:03:39.021#Z#DEBUG#c8df2564-4555-11f1-8bc2-eeee0a96607a.OPERATION#flowable-async-job-executor-thread-26746#
[XS2ProcessMtaArchiveStep] MTA Descriptor length: 1,393#
#2026 05 01 12:03:39.021#Z#DEBUG#c8df2564-4555-11f1-8bc2-eeee0a96607a.OPERATION#flowable-async-job-executor-thread-26746#
[XS2ProcessMtaArchiveStep] MTA Archive Modules: [backorder-history-srv, backorder-history-db-deployer, backorder-history-app]#
#2026 05 01 12:03:39.021#Z#DEBUG#c8df2564-4555-11f1-8bc2-eeee0a96607a.OPERATION#flowable-async-job-executor-thread-26746#
[XS2ProcessMtaArchiveStep] MTA Archive Requires: []#
#2026 05 01 12:03:39.021#Z#DEBUG#c8df2564-4555-11f1-8bc2-eeee0a96607a.OPERATION#flowable-async-job-executor-thread-26746#
[XS2ProcessMtaArchiveStep] MTA Archive Resources: [backorder-history-xsuaa]#
#2026 05 01 12:03:39.029#Z#DEBUG#c8df2564-4555-11f1-8bc2-eeee0a96607a.OPERATION#flowable-async-job-executor-thread-26746#
[XS2ProcessMtaArchiveStep] MTA archive processed#
#2026 05 01 12:03:39.029#Z#DEBUG#c8df2564-4555-11f1-8bc2-eeee0a96607a.OPERATION#flowable-async-job-executor-thread-26746#
Step "Process Archive" finished#
#2026 05 01 12:03:39.060#Z#DEBUG#c8df2564-4555-11f1-8bc2-eeee0a96607a.OPERATION#flowable-async-job-executor-thread-26746#
[ProcessMtaExtensionDescriptorsStep] Executing task "processExtensionDescriptorsTask" of process "c8df258a-4555-11f1-8bc2-eeee0a96607a"...#
#2026 05 01 12:03:39.060#Z#DEBUG#c8df2564-4555-11f1-8bc2-eeee0a96607a.OPERATION#flowable-async-job-executor-thread-26746#
[ProcessMtaExtensionDescriptorsStep] Processing MTA extension descriptors...#
#2026 05 01 12:03:39.061#Z#DEBUG#c8df2564-4555-11f1-8bc2-eeee0a96607a.OPERATION#flowable-async-job-executor-thread-26746#
[ProcessMtaExtensionDescriptorsStep] Provided extension descriptors: [ ]#
#2026 05 01 12:03:39.061#Z#DEBUG#c8df2564-4555-11f1-8bc2-eeee0a96607a.OPERATION#flowable-async-job-executor-thread-26746#
[ProcessMtaExtensionDescriptorsStep] No extension descriptors in use#
#2026 05 01 12:03:39.061#Z#DEBUG#c8df2564-4555-11f1-8bc2-eeee0a96607a.OPERATION#flowable-async-job-executor-thread-26746#
[ProcessMtaExtensionDescriptorsStep] MTA extension descriptors processed#
#2026 05 01 12:03:39.061#Z#DEBUG#c8df2564-4555-11f1-8bc2-eeee0a96607a.OPERATION#flowable-async-job-executor-thread-26746#
Step "Process Extension Descriptors" finished#
#2026 05 01 12:03:39.088#Z#DEBUG#c8df2564-4555-11f1-8bc2-eeee0a96607a.OPERATION#flowable-async-job-executor-thread-26745#
[XS2DetectMtaSchemaVersionStep] Executing task "detectSchemaVersionTask" of process "c8df258a-4555-11f1-8bc2-eeee0a96607a"...#
#2026 05 01 12:03:39.089#Z#DEBUG#c8df2564-4555-11f1-8bc2-eeee0a96607a.OPERATION#flowable-async-job-executor-thread-26745#
[XS2DetectMtaSchemaVersionStep] Detecting MTA major schema version...#
#2026 05 01 12:03:39.090#Z#INFO#c8df2564-4555-11f1-8bc2-eeee0a96607a.OPERATION#flowable-async-job-executor-thread-26745#
[XS2DetectMtaSchemaVersionStep] Detected MTA schema version: "3"#
#2026 05 01 12:03:39.093#Z#DEBUG#c8df2564-4555-11f1-8bc2-eeee0a96607a.OPERATION#flowable-async-job-executor-thread-26745#
Step "Detect Schema Version" finished#
#2026 05 01 12:03:39.116#Z#DEBUG#c8df2564-4555-11f1-8bc2-eeee0a96607a.OPERATION#flowable-async-job-executor-thread-26745#
[MergeDescriptorsStep] Executing task "mergeDescriptorsTask" of process "c8df258a-4555-11f1-8bc2-eeee0a96607a"...#
#2026 05 01 12:03:39.117#Z#DEBUG#c8df2564-4555-11f1-8bc2-eeee0a96607a.OPERATION#flowable-async-job-executor-thread-26745#
[MergeDescriptorsStep] Validating and merging descriptors...#
#2026 05 01 12:03:39.118#Z#DEBUG#c8df2564-4555-11f1-8bc2-eeee0a96607a.OPERATION#flowable-async-job-executor-thread-26745#
[MergeDescriptorsStep] Merged deployment descriptor: {
  "majorSchemaVersion" : 3,
  "schemaVersion" : "3.3.0",
  "id" : "backorder-history",
  "version" : "1.0.0",
  "modules" : [ {
    "majorSchemaVersion" : 3,
    "name" : "backorder-history-srv",
    "type" : "javascript.nodejs",
    "path" : "backorder-history-srv",
    "properties" : { },
    "parameters" : {
      "buildpack" : "nodejs_buildpack",
      "instances" : 1
    },
    "requiredDependencies" : [ {
      "majorSchemaVersion" : 3,
      "name" : "backorder-db",
      "properties" : { },
      "parameters" : { },
      "propertiesMetadata" : {
        "metadata" : { }
      },
      "parametersMetadata" : {
        "metadata" : { }
      }
    }, {
      "majorSchemaVersion" : 3,
      "name" : "backorder-history-xsuaa",
      "properties" : { },
      "parameters" : { },
      "propertiesMetadata" : {
        "metadata" : { }
      },
      "parametersMetadata" : {
        "metadata" : { }
      }
    } ],
    "providedDependencies" : [ {
      "majorSchemaVersion" : 3,
      "name" : "srv-api",
      "isPublic" : false,
      "properties" : {
        "srv-url" : "${default-url}"
      },
      "parameters" : { },
      "propertiesMetadata" : {
        "metadata" : { }
      },
      "parametersMetadata" : {
        "metadata" : { }
      }
    }, {
      "majorSchemaVersion" : 3,
      "name" : "backorder-history-srv",
      "isPublic" : false,
      "properties" : { },
      "parameters" : { },
      "propertiesMetadata" : {
        "metadata" : { }
      },
      "parametersMetadata" : {
        "metadata" : { }
      }
    } ],
    "propertiesMetadata" : {
      "metadata" : { }
    },
    "parametersMetadata" : {
      "metadata" : { }
    },
    "hooks" : [ ]
  }, {
    "majorSchemaVersion" : 3,
    "name" : "backorder-history-db-deployer",
    "type" : "com.sap.xs.hdi",
    "path" : "backorder-history-db-deployer",
    "properties" : {
      "EXIT" : 1
    },
    "parameters" : {
      "memory" : "256M",
      "buildpack" : "nodejs_buildpack",
      "no-route" : true,
      "dependency-type" : "hard",
      "tasks" : [ {
        "name" : "deploy",
        "memory" : "256M",
        "command" : "npm start"
      } ],
      "no-start" : true
    },
    "requiredDependencies" : [ {
      "majorSchemaVersion" : 3,
      "name" : "backorder-db",
      "properties" : { },
      "parameters" : { },
      "propertiesMetadata" : {
        "metadata" : { }
      },
      "parametersMetadata" : {
        "metadata" : { }
      }
    } ],
    "providedDependencies" : [ {
      "majorSchemaVersion" : 3,
      "name" : "backorder-history-db-deployer",
      "isPublic" : false,
      "properties" : { },
      "parameters" : { },
      "propertiesMetadata" : {
        "metadata" : { }
      },
      "parametersMetadata" : {
        "metadata" : { }
      }
    } ],
    "propertiesMetadata" : {
      "metadata" : { }
    },
    "parametersMetadata" : {
      "metadata" : { }
    },
    "hooks" : [ ]
  }, {
    "majorSchemaVersion" : 3,
    "name" : "backorder-history-app",
    "type" : "javascript.nodejs",
    "path" : "backorder-history-app",
    "properties" : { },
    "parameters" : {
      "disk-quota" : "256M",
      "memory" : "128M"
    },
    "requiredDependencies" : [ {
      "majorSchemaVersion" : 3,
      "name" : "srv-api",
      "group" : "destinations",
      "properties" : {
        "name" : "backorder-history-srv",
        "forwardAuthToken" : "********",
        "url" : "~{srv-url}"
      },
      "parameters" : { },
      "propertiesMetadata" : {
        "metadata" : { }
      },
      "parametersMetadata" : {
        "metadata" : { }
      }
    }, {
      "majorSchemaVersion" : 3,
      "name" : "backorder-history-xsuaa",
      "properties" : { },
      "parameters" : { },
      "propertiesMetadata" : {
        "metadata" : { }
      },
      "parametersMetadata" : {
        "metadata" : { }
      }
    } ],
    "providedDependencies" : [ {
      "majorSchemaVersion" : 3,
      "name" : "backorder-history-app",
      "isPublic" : false,
      "properties" : { },
      "parameters" : { },
      "propertiesMetadata" : {
        "metadata" : { }
      },
      "parametersMetadata" : {
        "metadata" : { }
      }
    } ],
    "propertiesMetadata" : {
      "metadata" : { }
    },
    "parametersMetadata" : {
      "metadata" : { }
    },
    "hooks" : [ ]
  } ],
  "resources" : [ {
    "majorSchemaVersion" : 3,
    "name" : "backorder-db",
    "type" : "com.sap.xs.hdi-container",
    "properties" : { },
    "parameters" : {
      "service-plan" : "hdi-shared",
      "type" : "managed-service",
      "existing-service" : "dev_project-db",
      "service" : "hana"
    },
    "isActive" : true,
    "isOptional" : false,
    "propertiesMetadata" : {
      "metadata" : { }
    },
    "parametersMetadata" : {
      "metadata" : { }
    },
    "requiredDependencies" : [ ],
    "processedAfter" : [ ]
  }, {
    "majorSchemaVersion" : 3,
    "name" : "backorder-history-xsuaa",
    "type" : "org.cloudfoundry.managed-service",
    "properties" : { },
    "parameters" : {
      "path" : "./xs-security.json",
      "service-plan" : "application",
      "type" : "managed-service",
      "service" : "xsuaa"
    },
    "isActive" : true,
    "isOptional" : false,
    "propertiesMetadata" : {
      "metadata" : { }
    },
    "parametersMetadata" : {
      "metadata" : { }
    },
    "requiredDependencies" : [ ],
    "processedAfter" : [ ]
  } ],
  "parameters" : {
    "enable-parallel-deployments" : true
  },
  "parametersMetadata" : {
    "metadata" : { }
  }
}#
#2026 05 01 12:03:39.119#Z#WARN#c8df2564-4555-11f1-8bc2-eeee0a96607a.OPERATION#flowable-async-job-executor-thread-26745#
[MergeDescriptorsStep] Parameter(s) "{backorder-db=[existing-service]}" are not supported in the specified scope, or referenced by any other entities. These parameters are not processed and will be lost after the operation completes. Further usage of these parameters might lead to unexpected results. Use at your own risk.#
#2026 05 01 12:03:39.123#Z#DEBUG#c8df2564-4555-11f1-8bc2-eeee0a96607a.OPERATION#flowable-async-job-executor-thread-26745#
[MergeDescriptorsStep] Descriptors validated and merged#
#2026 05 01 12:03:39.123#Z#DEBUG#c8df2564-4555-11f1-8bc2-eeee0a96607a.OPERATION#flowable-async-job-executor-thread-26745#
Step "Merge Descriptors" finished#
#2026 05 01 12:03:39.148#Z#DEBUG#c8df2564-4555-11f1-8bc2-eeee0a96607a.OPERATION#flowable-async-job-executor-thread-26745#
[DetectDeployedMtaStep] Executing task "detectDeployedMtaTask" of process "c8df258a-4555-11f1-8bc2-eeee0a96607a"...#
#2026 05 01 12:03:39.149#Z#DEBUG#c8df2564-4555-11f1-8bc2-eeee0a96607a.OPERATION#flowable-async-job-executor-thread-26745#
[DetectDeployedMtaStep] Detecting deployed MTA...#
#2026 05 01 12:03:39.205#Z#DEBUG#c8df2564-4555-11f1-8bc2-eeee0a96607a.OPERATION#flowable-async-job-executor-thread-26745#
[DetectDeployedMtaStep] Detecting MTA by id backorder-history and namespace null#
#2026 05 01 12:03:39.205#Z#DEBUG#c8df2564-4555-11f1-8bc2-eeee0a96607a.OPERATION#flowable-async-job-executor-thread-26745#
[DetectDeployedMtaStep] Getting applications by metadata label selector "mta_id=2a8116cd5454191867b4ccd652598f0d,!mta_namespace"...#
#2026 05 01 12:03:39.259#Z#DEBUG#c8df2564-4555-11f1-8bc2-eeee0a96607a.OPERATION#flowable-async-job-executor-thread-26745#
[DetectDeployedMtaStep] Getting service instances by metadata label selector "mta_id=2a8116cd5454191867b4ccd652598f0d,!mta_namespace"...#
#2026 05 01 12:03:39.381#Z#DEBUG#c8df2564-4555-11f1-8bc2-eeee0a96607a.OPERATION#flowable-async-job-executor-thread-26745#
[DetectDeployedMtaStep] Deployed MTA: {
  "metadata" : {
    "id" : "backorder-history",
    "version" : "1.0.0"
  },
  "applications" : [ {
    "name" : "backorder-history-db-deployer",
    "metadata" : {
      "guid" : "f3a667cb-a7f1-4bd3-8a4f-472dbd3ae857",
      "createdAt" : [ 2026, 4, 30, 13, 38, 18 ],
      "updatedAt" : [ 2026, 5, 1, 11, 48, 57 ]
    },
    "v3Metadata" : {
      "annotations" : {
        "mta_id" : "backorder-history",
        "mta_version" : "1.0.0",
        "mta_module" : "{\"name\":\"backorder-history-db-deployer\"}",
        "mta_module_provided_dependencies" : "[]",
        "mta_bound_services" : "[\"backorder-db\"]"
      },
      "labels" : {
        "mta_id" : "2a8116cd5454191867b4ccd652598f0d"
      }
    },
    "state" : "STOPPED",
    "lifecycle" : {
      "type" : "BUILDPACK",
      "data" : {
        "buildpacks" : [ "nodejs_buildpack" ],
        "stack" : "cflinuxfs4"
      }
    },
    "space" : {
      "name" : "dev",
      "metadata" : {
        "guid" : "c51380c4-d99a-4d8c-a5f3-74fd0dd27165",
        "createdAt" : [ 2026, 3, 31, 6, 16, 15 ],
        "updatedAt" : [ 2026, 3, 31, 6, 16, 15 ]
      },
      "organization" : {
        "name" : "994ae882trial",
        "metadata" : {
          "guid" : "1883dc8c-1327-4ff3-b311-d37148c9d798",
          "createdAt" : [ 2026, 3, 31, 6, 16, 13 ],
          "updatedAt" : [ 2026, 3, 31, 6, 16, 15 ]
        }
      }
    },
    "moduleName" : "backorder-history-db-deployer",
    "boundMtaServices" : [ "backorder-db" ],
    "providedDependencyNames" : [ ],
    "productizationState" : "LIVE"
  }, {
    "name" : "backorder-history-srv",
    "metadata" : {
      "guid" : "73ed2dc8-b263-4a3d-9470-8f8b426a9085",
      "createdAt" : [ 2026, 4, 30, 13, 38, 20 ],
      "updatedAt" : [ 2026, 5, 1, 11, 49, 7 ]
    },
    "v3Metadata" : {
      "annotations" : {
        "mta_module_provided_dependencies" : "[]",
        "mta_bound_services" : "[\"backorder-db\"]",
        "mta_id" : "backorder-history",
        "mta_version" : "1.0.0",
        "mta_module" : "{\"name\":\"backorder-history-srv\"}"
      },
      "labels" : {
        "mta_id" : "2a8116cd5454191867b4ccd652598f0d"
      }
    },
    "state" : "STARTED",
    "lifecycle" : {
      "type" : "BUILDPACK",
      "data" : {
        "buildpacks" : [ "nodejs_buildpack" ],
        "stack" : "cflinuxfs4"
      }
    },
    "space" : {
      "name" : "dev",
      "metadata" : {
        "guid" : "c51380c4-d99a-4d8c-a5f3-74fd0dd27165",
        "createdAt" : [ 2026, 3, 31, 6, 16, 15 ],
        "updatedAt" : [ 2026, 3, 31, 6, 16, 15 ]
      },
      "organization" : {
        "name" : "994ae882trial",
        "metadata" : {
          "guid" : "1883dc8c-1327-4ff3-b311-d37148c9d798",
          "createdAt" : [ 2026, 3, 31, 6, 16, 13 ],
          "updatedAt" : [ 2026, 3, 31, 6, 16, 15 ]
        }
      }
    },
    "moduleName" : "backorder-history-srv",
    "boundMtaServices" : [ "backorder-db" ],
    "providedDependencyNames" : [ ],
    "productizationState" : "LIVE"
  }, {
    "name" : "backorder-history-app",
    "metadata" : {
      "guid" : "876be8d1-9913-44ab-8f26-ed3ed370fa88",
      "createdAt" : [ 2026, 5, 1, 8, 59, 50 ],
      "updatedAt" : [ 2026, 5, 1, 11, 48, 37 ]
    },
    "v3Metadata" : {
      "annotations" : {
        "mta_id" : "backorder-history",
        "mta_version" : "1.0.0",
        "mta_module" : "{\"name\":\"backorder-history-app\"}",
        "mta_module_provided_dependencies" : "[]",
        "mta_bound_services" : "[]"
      },
      "labels" : {
        "mta_id" : "2a8116cd5454191867b4ccd652598f0d"
      }
    },
    "state" : "STARTED",
    "lifecycle" : {
      "type" : "BUILDPACK",
      "data" : {
        "buildpacks" : [ "staticfile_buildpack" ],
        "stack" : "cflinuxfs4"
      }
    },
    "space" : {
      "name" : "dev",
      "metadata" : {
        "guid" : "c51380c4-d99a-4d8c-a5f3-74fd0dd27165",
        "createdAt" : [ 2026, 3, 31, 6, 16, 15 ],
        "updatedAt" : [ 2026, 3, 31, 6, 16, 15 ]
      },
      "organization" : {
        "name" : "994ae882trial",
        "metadata" : {
          "guid" : "1883dc8c-1327-4ff3-b311-d37148c9d798",
          "createdAt" : [ 2026, 3, 31, 6, 16, 13 ],
          "updatedAt" : [ 2026, 3, 31, 6, 16, 15 ]
        }
      }
    },
    "moduleName" : "backorder-history-app",
    "boundMtaServices" : [ ],
    "providedDependencyNames" : [ ],
    "productizationState" : "LIVE"
  } ],
  "services" : [ {
    "name" : "backorder-db",
    "metadata" : {
      "guid" : "1dc0a90f-458e-47db-8e7a-3427f56abe82",
      "createdAt" : [ 2026, 4, 30, 13, 38, 2 ],
      "updatedAt" : [ 2026, 4, 30, 13, 38, 3 ]
    },
    "v3Metadata" : {
      "annotations" : {
        "mta_id" : "backorder-history",
        "mta_version" : "1.0.0",
        "mta_resource" : "{\"name\":\"backorder-db\"}"
      },
      "labels" : {
        "mta_id" : "2a8116cd5454191867b4ccd652598f0d"
      }
    },
    "label" : "hana",
    "plan" : "hdi-shared",
    "credentials" : "********",
    "tags" : [ ],
    "type" : "managed",
    "lastOperation" : {
      "type" : "CREATE",
      "state" : "SUCCEEDED"
    },
    "resourceName" : "backorder-db"
  } ]
}#
#2026 05 01 12:03:39.381#Z#INFO#c8df2564-4555-11f1-8bc2-eeee0a96607a.OPERATION#flowable-async-job-executor-thread-26745#
[DetectDeployedMtaStep] Detected deployed MTA with ID "backorder-history" and version "1.0.0"#
#2026 05 01 12:03:39.385#Z#DEBUG#c8df2564-4555-11f1-8bc2-eeee0a96607a.OPERATION#flowable-async-job-executor-thread-26745#
[DetectDeployedMtaStep] Detecting backup mta by id "backorder-history" and namespace "null"#
#2026 05 01 12:03:39.385#Z#DEBUG#c8df2564-4555-11f1-8bc2-eeee0a96607a.OPERATION#flowable-async-job-executor-thread-26745#
[DetectDeployedMtaStep] Getting applications by metadata label selector "mta_id=2a8116cd5454191867b4ccd652598f0d,mta_namespace=b698114a0995e936895b9598a6c19a2c"...#
#2026 05 01 12:03:39.420#Z#DEBUG#c8df2564-4555-11f1-8bc2-eeee0a96607a.OPERATION#flowable-async-job-executor-thread-26745#
[DetectDeployedMtaStep] Getting service instances by metadata label selector "mta_id=2a8116cd5454191867b4ccd652598f0d,mta_namespace=b698114a0995e936895b9598a6c19a2c"...#
#2026 05 01 12:03:39.484#Z#DEBUG#c8df2564-4555-11f1-8bc2-eeee0a96607a.OPERATION#flowable-async-job-executor-thread-26745#
[DetectDeployedMtaStep] Deployed MTA service keys: [ ]#
#2026 05 01 12:03:39.484#Z#DEBUG#c8df2564-4555-11f1-8bc2-eeee0a96607a.OPERATION#flowable-async-job-executor-thread-26745#
Step "Detect Deployed MTA" finished#
#2026 05 01 12:03:39.513#Z#DEBUG#c8df2564-4555-11f1-8bc2-eeee0a96607a.OPERATION#flowable-async-job-executor-thread-26745#
[XS2CollectSystemParametersStep] Executing task "collectSystemParametersTask" of process "c8df258a-4555-11f1-8bc2-eeee0a96607a"...#
#2026 05 01 12:03:39.513#Z#DEBUG#c8df2564-4555-11f1-8bc2-eeee0a96607a.OPERATION#flowable-async-job-executor-thread-26745#
[XS2CollectSystemParametersStep] Collecting system parameters...#
#2026 05 01 12:03:39.514#Z#DEBUG#c8df2564-4555-11f1-8bc2-eeee0a96607a.OPERATION#flowable-async-job-executor-thread-26745#
[XS2CollectSystemParametersStep] Getting default domain...#
#2026 05 01 12:03:39.544#Z#DEBUG#c8df2564-4555-11f1-8bc2-eeee0a96607a.OPERATION#flowable-async-job-executor-thread-26745#
[XS2CollectSystemParametersStep] Default domain: cfapps.us10-001.hana.ondemand.com#
#2026 05 01 12:03:39.544#Z#DEBUG#c8df2564-4555-11f1-8bc2-eeee0a96607a.OPERATION#flowable-async-job-executor-thread-26745#
[XS2CollectSystemParametersStep] Checking for overwriting read-only parameters for mta with id: "backorder-history"#
#2026 05 01 12:03:39.545#Z#DEBUG#c8df2564-4555-11f1-8bc2-eeee0a96607a.OPERATION#flowable-async-job-executor-thread-26745#
[XS2CollectSystemParametersStep] No read-only parameters are overwritten#
#2026 05 01 12:03:39.556#Z#DEBUG#c8df2564-4555-11f1-8bc2-eeee0a96607a.OPERATION#flowable-async-job-executor-thread-26745#
[XS2CollectSystemParametersStep] Descriptor with system parameters: {
  "majorSchemaVersion" : 3,
  "schemaVersion" : "3.3.0",
  "id" : "backorder-history",
  "version" : "1.0.0",
  "modules" : [ {
    "majorSchemaVersion" : 3,
    "name" : "backorder-history-srv",
    "type" : "javascript.nodejs",
    "path" : "backorder-history-srv",
    "properties" : { },
    "parameters" : {
      "default-url" : "${protocol}://${default-uri}",
      "default-app-name" : "backorder-history-srv",
      "generated-password" : "********",
      "default-live-url" : "${protocol}://${default-live-uri}",
      "default-uri" : "${host}.${domain}",
      "default-instances" : 1,
      "default-live-host" : "994ae882trial-dev-backorder-history-srv",
      "instances" : 1,
      "buildpack" : "nodejs_buildpack",
      "default-host" : "994ae882trial-dev-backorder-history-srv",
      "app-name" : "${default-app-name}",
      "default-live-uri" : "994ae882trial-dev-backorder-history-srv.${domain}",
      "protocol" : "https",
      "default-live-app-name" : "backorder-history-srv",
      "default-live-domain" : "cfapps.us10-001.hana.ondemand.com",
      "domain" : "${default-domain}",
      "host" : "${default-host}",
      "generated-user" : "********"
    },
    "requiredDependencies" : [ {
      "majorSchemaVersion" : 3,
      "name" : "backorder-db",
      "properties" : { },
      "parameters" : { },
      "propertiesMetadata" : {
        "metadata" : { }
      },
      "parametersMetadata" : {
        "metadata" : { }
      }
    }, {
      "majorSchemaVersion" : 3,
      "name" : "backorder-history-xsuaa",
      "properties" : { },
      "parameters" : { },
      "propertiesMetadata" : {
        "metadata" : { }
      },
      "parametersMetadata" : {
        "metadata" : { }
      }
    } ],
    "providedDependencies" : [ {
      "majorSchemaVersion" : 3,
      "name" : "srv-api",
      "isPublic" : false,
      "properties" : {
        "srv-url" : "${default-url}"
      },
      "parameters" : { },
      "propertiesMetadata" : {
        "metadata" : { }
      },
      "parametersMetadata" : {
        "metadata" : { }
      }
    }, {
      "majorSchemaVersion" : 3,
      "name" : "backorder-history-srv",
      "isPublic" : false,
      "properties" : { },
      "parameters" : { },
      "propertiesMetadata" : {
        "metadata" : { }
      },
      "parametersMetadata" : {
        "metadata" : { }
      }
    } ],
    "propertiesMetadata" : {
      "metadata" : { }
    },
    "parametersMetadata" : {
      "metadata" : { }
    },
    "hooks" : [ ]
  }, {
    "majorSchemaVersion" : 3,
    "name" : "backorder-history-db-deployer",
    "type" : "com.sap.xs.hdi",
    "path" : "backorder-history-db-deployer",
    "properties" : {
      "EXIT" : 1
    },
    "parameters" : {
      "default-url" : "${protocol}://${default-uri}",
      "default-app-name" : "backorder-history-db-deployer",
      "generated-password" : "********",
      "default-live-url" : "${protocol}://${default-live-uri}",
      "default-uri" : "${host}.${domain}",
      "memory" : "256M",
      "default-instances" : 1,
      "no-route" : true,
      "default-live-host" : "994ae882trial-dev-backorder-history-db-deployer",
      "instances" : "${default-instances}",
      "buildpack" : "nodejs_buildpack",
      "default-host" : "994ae882trial-dev-backorder-history-db-deployer",
      "app-name" : "${default-app-name}",
      "default-live-uri" : "994ae882trial-dev-backorder-history-db-deployer.${domain}",
      "protocol" : "https",
      "default-live-app-name" : "backorder-history-db-deployer",
      "default-live-domain" : "cfapps.us10-001.hana.ondemand.com",
      "dependency-type" : "hard",
      "domain" : "${default-domain}",
      "host" : "${default-host}",
      "generated-user" : "********",
      "tasks" : [ {
        "name" : "deploy",
        "memory" : "256M",
        "command" : "npm start"
      } ],
      "no-start" : true
    },
    "requiredDependencies" : [ {
      "majorSchemaVersion" : 3,
      "name" : "backorder-db",
      "properties" : { },
      "parameters" : { },
      "propertiesMetadata" : {
        "metadata" : { }
      },
      "parametersMetadata" : {
        "metadata" : { }
      }
    } ],
    "providedDependencies" : [ {
      "majorSchemaVersion" : 3,
      "name" : "backorder-history-db-deployer",
      "isPublic" : false,
      "properties" : { },
      "parameters" : { },
      "propertiesMetadata" : {
        "metadata" : { }
      },
      "parametersMetadata" : {
        "metadata" : { }
      }
    } ],
    "propertiesMetadata" : {
      "metadata" : { }
    },
    "parametersMetadata" : {
      "metadata" : { }
    },
    "hooks" : [ ]
  }, {
    "majorSchemaVersion" : 3,
    "name" : "backorder-history-app",
    "type" : "javascript.nodejs",
    "path" : "backorder-history-app",
    "properties" : { },
    "parameters" : {
      "default-url" : "${protocol}://${default-uri}",
      "default-app-name" : "backorder-history-app",
      "generated-password" : "********",
      "default-live-url" : "${protocol}://${default-live-uri}",
      "default-uri" : "${host}.${domain}",
      "memory" : "128M",
      "default-instances" : 1,
      "default-live-host" : "994ae882trial-dev-backorder-history-app",
      "instances" : "${default-instances}",
      "default-host" : "994ae882trial-dev-backorder-history-app",
      "app-name" : "${default-app-name}",
      "default-live-uri" : "994ae882trial-dev-backorder-history-app.${domain}",
      "protocol" : "https",
      "default-live-app-name" : "backorder-history-app",
      "default-live-domain" : "cfapps.us10-001.hana.ondemand.com",
      "disk-quota" : "256M",
      "domain" : "${default-domain}",
      "host" : "${default-host}",
      "generated-user" : "********"
    },
    "requiredDependencies" : [ {
      "majorSchemaVersion" : 3,
      "name" : "srv-api",
      "group" : "destinations",
      "properties" : {
        "name" : "backorder-history-srv",
        "forwardAuthToken" : "********",
        "url" : "~{srv-url}"
      },
      "parameters" : { },
      "propertiesMetadata" : {
        "metadata" : { }
      },
      "parametersMetadata" : {
        "metadata" : { }
      }
    }, {
      "majorSchemaVersion" : 3,
      "name" : "backorder-history-xsuaa",
      "properties" : { },
      "parameters" : { },
      "propertiesMetadata" : {
        "metadata" : { }
      },
      "parametersMetadata" : {
        "metadata" : { }
      }
    } ],
    "providedDependencies" : [ {
      "majorSchemaVersion" : 3,
      "name" : "backorder-history-app",
      "isPublic" : false,
      "properties" : { },
      "parameters" : { },
      "propertiesMetadata" : {
        "metadata" : { }
      },
      "parametersMetadata" : {
        "metadata" : { }
      }
    } ],
    "propertiesMetadata" : {
      "metadata" : { }
    },
    "parametersMetadata" : {
      "metadata" : { }
    },
    "hooks" : [ ]
  } ],
  "resources" : [ {
    "majorSchemaVersion" : 3,
    "name" : "backorder-db",
    "type" : "com.sap.xs.hdi-container",
    "properties" : { },
    "parameters" : {
      "generated-password" : "********",
      "service-name" : "${default-service-name}",
      "service-plan" : "hdi-shared",
      "existing-service" : "dev_project-db",
      "service" : "hana",
      "generated-user" : "********",
      "default-xsappname" : "backorder-db",
      "type" : "managed-service",
      "default-service-name" : "backorder-db",
      "default-container-name" : "994AE882TRIAL_DEV_BACKORDER_DB"
    },
    "isActive" : true,
    "isOptional" : false,
    "propertiesMetadata" : {
      "metadata" : { }
    },
    "parametersMetadata" : {
      "metadata" : { }
    },
    "requiredDependencies" : [ ],
    "processedAfter" : [ ]
  }, {
    "majorSchemaVersion" : 3,
    "name" : "backorder-history-xsuaa",
    "type" : "org.cloudfoundry.managed-service",
    "properties" : { },
    "parameters" : {
      "generated-password" : "********",
      "path" : "./xs-security.json",
      "service-name" : "${default-service-name}",
      "service-plan" : "application",
      "service" : "xsuaa",
      "generated-user" : "********",
      "default-xsappname" : "backorder-history-xsuaa",
      "type" : "managed-service",
      "default-service-name" : "backorder-history-xsuaa",
      "default-container-name" : "994AE882TRIAL_DEV_BACKORDER_HISTORY_XSUAA"
    },
    "isActive" : true,
    "isOptional" : false,
    "propertiesMetadata" : {
      "metadata" : { }
    },
    "parametersMetadata" : {
      "metadata" : { }
    },
    "requiredDependencies" : [ ],
    "processedAfter" : [ ]
  } ],
  "parameters" : {
    "mta-id" : "backorder-history",
    "authorization-url" : "********",
    "org-guid" : "1883dc8c-1327-4ff3-b311-d37148c9d798",
    "org" : "994ae882trial",
    "deploy-target" : "994ae882trial dev",
    "enable-parallel-deployments" : true,
    "space" : "dev",
    "xs-api-url" : "https://api.cf.us10-001.hana.ondemand.com",
    "deploy-url" : "deploy-service.cfapps.us10-001.hana.ondemand.com",
    "xs-type" : "CF",
    "default-domain" : "cfapps.us10-001.hana.ondemand.com",
    "mta-version" : "1.0.0",
    "xs-auth-url" : "********",
    "space-guid" : "c51380c4-d99a-4d8c-a5f3-74fd0dd27165",
    "user" : "********",
    "controller-url" : "https://api.cf.us10-001.hana.ondemand.com",
    "timestamp" : "20260501120336"
  },
  "parametersMetadata" : {
    "metadata" : { }
  }
}#
#2026 05 01 12:03:39.557#Z#DEBUG#c8df2564-4555-11f1-8bc2-eeee0a96607a.OPERATION#flowable-async-job-executor-thread-26745#
[XS2CollectSystemParametersStep] Version rule: SAME_HIGHER#
#2026 05 01 12:03:39.557#Z#INFO#c8df2564-4555-11f1-8bc2-eeee0a96607a.OPERATION#flowable-async-job-executor-thread-26745#
[XS2CollectSystemParametersStep] Detected new MTA version: "1.0.0"#
#2026 05 01 12:03:39.563#Z#INFO#c8df2564-4555-11f1-8bc2-eeee0a96607a.OPERATION#flowable-async-job-executor-thread-26745#
[XS2CollectSystemParametersStep] Deployed MTA version: "1.0.0"#
#2026 05 01 12:03:39.567#Z#DEBUG#c8df2564-4555-11f1-8bc2-eeee0a96607a.OPERATION#flowable-async-job-executor-thread-26745#
[XS2CollectSystemParametersStep] MTA accepted for deployment#
#2026 05 01 12:03:39.568#Z#DEBUG#c8df2564-4555-11f1-8bc2-eeee0a96607a.OPERATION#flowable-async-job-executor-thread-26745#
[XS2CollectSystemParametersStep] System parameters collected#
#2026 05 01 12:03:39.568#Z#DEBUG#c8df2564-4555-11f1-8bc2-eeee0a96607a.OPERATION#flowable-async-job-executor-thread-26745#
Step "Collect System Parameters" finished#
#2026 05 01 12:03:39.599#Z#DEBUG#c8df2564-4555-11f1-8bc2-eeee0a96607a.OPERATION#flowable-async-job-executor-thread-26744#
[ProcessDescriptorStep] Executing task "processDescriptorTask" of process "c8df258a-4555-11f1-8bc2-eeee0a96607a"...#
#2026 05 01 12:03:39.600#Z#DEBUG#c8df2564-4555-11f1-8bc2-eeee0a96607a.OPERATION#flowable-async-job-executor-thread-26744#
[ProcessDescriptorStep] Resolving properties and parameters in merged descriptor...#
#2026 05 01 12:03:39.603#Z#DEBUG#c8df2564-4555-11f1-8bc2-eeee0a96607a.OPERATION#flowable-async-job-executor-thread-26744#
[ProcessDescriptorStep] Subscriptions: [ ]#
#2026 05 01 12:03:39.603#Z#DEBUG#c8df2564-4555-11f1-8bc2-eeee0a96607a.OPERATION#flowable-async-job-executor-thread-26744#
[ProcessDescriptorStep] MTA modules: [backorder-history-srv, backorder-history-db-deployer, backorder-history-app]#
#2026 05 01 12:03:39.604#Z#DEBUG#c8df2564-4555-11f1-8bc2-eeee0a96607a.OPERATION#flowable-async-job-executor-thread-26744#
[ProcessDescriptorStep] Resolved deployment descriptor: {
  "majorSchemaVersion" : 3,
  "schemaVersion" : "3.3.0",
  "id" : "backorder-history",
  "version" : "1.0.0",
  "modules" : [ {
    "majorSchemaVersion" : 3,
    "name" : "backorder-history-srv",
    "type" : "javascript.nodejs",
    "path" : "backorder-history-srv",
    "properties" : { },
    "parameters" : {
      "default-url" : "https://994ae882trial-dev-backorder-history-srv.cfapps.us10-001.hana.ondemand.com",
      "default-app-name" : "backorder-history-srv",
      "generated-password" : "********",
      "default-live-url" : "https://994ae882trial-dev-backorder-history-srv.cfapps.us10-001.hana.ondemand.com",
      "default-uri" : "994ae882trial-dev-backorder-history-srv.cfapps.us10-001.hana.ondemand.com",
      "default-instances" : 1,
      "default-live-host" : "994ae882trial-dev-backorder-history-srv",
      "instances" : 1,
      "buildpack" : "nodejs_buildpack",
      "default-host" : "994ae882trial-dev-backorder-history-srv",
      "app-name" : "backorder-history-srv",
      "default-live-uri" : "994ae882trial-dev-backorder-history-srv.cfapps.us10-001.hana.ondemand.com",
      "protocol" : "https",
      "default-live-app-name" : "backorder-history-srv",
      "default-live-domain" : "cfapps.us10-001.hana.ondemand.com",
      "domain" : "cfapps.us10-001.hana.ondemand.com",
      "host" : "994ae882trial-dev-backorder-history-srv",
      "generated-user" : "********"
    },
    "requiredDependencies" : [ {
      "majorSchemaVersion" : 3,
      "name" : "backorder-db",
      "properties" : { },
      "parameters" : { },
      "propertiesMetadata" : {
        "metadata" : { }
      },
      "parametersMetadata" : {
        "metadata" : { }
      }
    }, {
      "majorSchemaVersion" : 3,
      "name" : "backorder-history-xsuaa",
      "properties" : { },
      "parameters" : { },
      "propertiesMetadata" : {
        "metadata" : { }
      },
      "parametersMetadata" : {
        "metadata" : { }
      }
    } ],
    "providedDependencies" : [ {
      "majorSchemaVersion" : 3,
      "name" : "srv-api",
      "isPublic" : false,
      "properties" : {
        "srv-url" : "https://994ae882trial-dev-backorder-history-srv.cfapps.us10-001.hana.ondemand.com"
      },
      "parameters" : { },
      "propertiesMetadata" : {
        "metadata" : { }
      },
      "parametersMetadata" : {
        "metadata" : { }
      }
    }, {
      "majorSchemaVersion" : 3,
      "name" : "backorder-history-srv",
      "isPublic" : false,
      "properties" : { },
      "parameters" : { },
      "propertiesMetadata" : {
        "metadata" : { }
      },
      "parametersMetadata" : {
        "metadata" : { }
      }
    } ],
    "propertiesMetadata" : {
      "metadata" : { }
    },
    "parametersMetadata" : {
      "metadata" : { }
    },
    "hooks" : [ ]
  }, {
    "majorSchemaVersion" : 3,
    "name" : "backorder-history-db-deployer",
    "type" : "com.sap.xs.hdi",
    "path" : "backorder-history-db-deployer",
    "properties" : {
      "EXIT" : 1
    },
    "parameters" : {
      "default-url" : "https://994ae882trial-dev-backorder-history-db-deployer.cfapps.us10-001.hana.ondemand.com",
      "default-app-name" : "backorder-history-db-deployer",
      "generated-password" : "********",
      "default-live-url" : "https://994ae882trial-dev-backorder-history-db-deployer.cfapps.us10-001.hana.ondemand.com",
      "default-uri" : "994ae882trial-dev-backorder-history-db-deployer.cfapps.us10-001.hana.ondemand.com",
      "memory" : "256M",
      "default-instances" : 1,
      "no-route" : true,
      "default-live-host" : "994ae882trial-dev-backorder-history-db-deployer",
      "instances" : 1,
      "buildpack" : "nodejs_buildpack",
      "default-host" : "994ae882trial-dev-backorder-history-db-deployer",
      "app-name" : "backorder-history-db-deployer",
      "default-live-uri" : "994ae882trial-dev-backorder-history-db-deployer.cfapps.us10-001.hana.ondemand.com",
      "protocol" : "https",
      "default-live-app-name" : "backorder-history-db-deployer",
      "default-live-domain" : "cfapps.us10-001.hana.ondemand.com",
      "dependency-type" : "hard",
      "domain" : "cfapps.us10-001.hana.ondemand.com",
      "host" : "994ae882trial-dev-backorder-history-db-deployer",
      "generated-user" : "********",
      "tasks" : [ {
        "command" : "npm start",
        "memory" : "256M",
        "name" : "deploy"
      } ],
      "no-start" : true
    },
    "requiredDependencies" : [ {
      "majorSchemaVersion" : 3,
      "name" : "backorder-db",
      "properties" : { },
      "parameters" : { },
      "propertiesMetadata" : {
        "metadata" : { }
      },
      "parametersMetadata" : {
        "metadata" : { }
      }
    } ],
    "providedDependencies" : [ {
      "majorSchemaVersion" : 3,
      "name" : "backorder-history-db-deployer",
      "isPublic" : false,
      "properties" : { },
      "parameters" : { },
      "propertiesMetadata" : {
        "metadata" : { }
      },
      "parametersMetadata" : {
        "metadata" : { }
      }
    } ],
    "propertiesMetadata" : {
      "metadata" : { }
    },
    "parametersMetadata" : {
      "metadata" : { }
    },
    "hooks" : [ ]
  }, {
    "majorSchemaVersion" : 3,
    "name" : "backorder-history-app",
    "type" : "javascript.nodejs",
    "path" : "backorder-history-app",
    "properties" : { },
    "parameters" : {
      "default-url" : "https://994ae882trial-dev-backorder-history-app.cfapps.us10-001.hana.ondemand.com",
      "default-app-name" : "backorder-history-app",
      "generated-password" : "********",
      "default-live-url" : "https://994ae882trial-dev-backorder-history-app.cfapps.us10-001.hana.ondemand.com",
      "default-uri" : "994ae882trial-dev-backorder-history-app.cfapps.us10-001.hana.ondemand.com",
      "memory" : "128M",
      "default-instances" : 1,
      "default-live-host" : "994ae882trial-dev-backorder-history-app",
      "instances" : 1,
      "default-host" : "994ae882trial-dev-backorder-history-app",
      "app-name" : "backorder-history-app",
      "default-live-uri" : "994ae882trial-dev-backorder-history-app.cfapps.us10-001.hana.ondemand.com",
      "protocol" : "https",
      "default-live-app-name" : "backorder-history-app",
      "default-live-domain" : "cfapps.us10-001.hana.ondemand.com",
      "disk-quota" : "256M",
      "domain" : "cfapps.us10-001.hana.ondemand.com",
      "host" : "994ae882trial-dev-backorder-history-app",
      "generated-user" : "********"
    },
    "requiredDependencies" : [ {
      "majorSchemaVersion" : 3,
      "name" : "srv-api",
      "group" : "destinations",
      "properties" : {
        "name" : "backorder-history-srv",
        "forwardAuthToken" : "********",
        "url" : "https://994ae882trial-dev-backorder-history-srv.cfapps.us10-001.hana.ondemand.com"
      },
      "parameters" : { },
      "propertiesMetadata" : {
        "metadata" : { }
      },
      "parametersMetadata" : {
        "metadata" : { }
      }
    }, {
      "majorSchemaVersion" : 3,
      "name" : "backorder-history-xsuaa",
      "properties" : { },
      "parameters" : { },
      "propertiesMetadata" : {
        "metadata" : { }
      },
      "parametersMetadata" : {
        "metadata" : { }
      }
    } ],
    "providedDependencies" : [ {
      "majorSchemaVersion" : 3,
      "name" : "backorder-history-app",
      "isPublic" : false,
      "properties" : { },
      "parameters" : { },
      "propertiesMetadata" : {
        "metadata" : { }
      },
      "parametersMetadata" : {
        "metadata" : { }
      }
    } ],
    "propertiesMetadata" : {
      "metadata" : { }
    },
    "parametersMetadata" : {
      "metadata" : { }
    },
    "hooks" : [ ]
  } ],
  "resources" : [ {
    "majorSchemaVersion" : 3,
    "name" : "backorder-db",
    "type" : "com.sap.xs.hdi-container",
    "properties" : { },
    "parameters" : {
      "generated-password" : "********",
      "service-name" : "backorder-db",
      "service-plan" : "hdi-shared",
      "existing-service" : "dev_project-db",
      "service" : "hana",
      "generated-user" : "********",
      "default-xsappname" : "backorder-db",
      "type" : "managed-service",
      "default-service-name" : "backorder-db",
      "default-container-name" : "994AE882TRIAL_DEV_BACKORDER_DB"
    },
    "isActive" : true,
    "isOptional" : false,
    "propertiesMetadata" : {
      "metadata" : { }
    },
    "parametersMetadata" : {
      "metadata" : { }
    },
    "requiredDependencies" : [ ],
    "processedAfter" : [ ]
  }, {
    "majorSchemaVersion" : 3,
    "name" : "backorder-history-xsuaa",
    "type" : "org.cloudfoundry.managed-service",
    "properties" : { },
    "parameters" : {
      "generated-password" : "********",
      "path" : "./xs-security.json",
      "service-name" : "backorder-history-xsuaa",
      "service-plan" : "application",
      "service" : "xsuaa",
      "generated-user" : "********",
      "default-xsappname" : "backorder-history-xsuaa",
      "type" : "managed-service",
      "default-service-name" : "backorder-history-xsuaa",
      "default-container-name" : "994AE882TRIAL_DEV_BACKORDER_HISTORY_XSUAA"
    },
    "isActive" : true,
    "isOptional" : false,
    "propertiesMetadata" : {
      "metadata" : { }
    },
    "parametersMetadata" : {
      "metadata" : { }
    },
    "requiredDependencies" : [ ],
    "processedAfter" : [ ]
  } ],
  "parameters" : {
    "mta-id" : "backorder-history",
    "authorization-url" : "********",
    "org-guid" : "1883dc8c-1327-4ff3-b311-d37148c9d798",
    "org" : "994ae882trial",
    "deploy-target" : "994ae882trial dev",
    "enable-parallel-deployments" : true,
    "region-primary-domain" : "us10.hana.ondemand.com",
    "space" : "dev",
    "region-domain" : "us10-001.hana.ondemand.com",
    "xs-api-url" : "https://api.cf.us10-001.hana.ondemand.com",
    "deploy-url" : "deploy-service.cfapps.us10-001.hana.ondemand.com",
    "xs-type" : "CF",
    "default-domain" : "cfapps.us10-001.hana.ondemand.com",
    "mta-version" : "1.0.0",
    "xs-auth-url" : "********",
    "space-guid" : "c51380c4-d99a-4d8c-a5f3-74fd0dd27165",
    "user" : "********",
    "controller-url" : "https://api.cf.us10-001.hana.ondemand.com",
    "timestamp" : "20260501120336"
  },
  "parametersMetadata" : {
    "metadata" : { }
  }
}#
#2026 05 01 12:03:39.604#Z#DEBUG#c8df2564-4555-11f1-8bc2-eeee0a96607a.OPERATION#flowable-async-job-executor-thread-26744#
[ProcessDescriptorStep] Merged descriptor properties and parameters resolved#
#2026 05 01 12:03:39.604#Z#DEBUG#c8df2564-4555-11f1-8bc2-eeee0a96607a.OPERATION#flowable-async-job-executor-thread-26744#
Step "Process Descriptor Step" finished#
#2026 05 01 12:03:39.634#Z#DEBUG#c8df2564-4555-11f1-8bc2-eeee0a96607a.OPERATION#flowable-async-job-executor-thread-26748#
[XS2BuildCloudDeployModelStep] Executing task "buildDeployModelTask" of process "c8df258a-4555-11f1-8bc2-eeee0a96607a"...#
#2026 05 01 12:03:39.637#Z#DEBUG#c8df2564-4555-11f1-8bc2-eeee0a96607a.OPERATION#flowable-async-job-executor-thread-26748#
[XS2BuildCloudDeployModelStep] Service keys defined for content deployment grouped by service name: { }#
#2026 05 01 12:03:39.637#Z#DEBUG#c8df2564-4555-11f1-8bc2-eeee0a96607a.OPERATION#flowable-async-job-executor-thread-26748#
[XS2BuildCloudDeployModelStep] Building cloud deployment model...#
#2026 05 01 12:03:39.639#Z#DEBUG#c8df2564-4555-11f1-8bc2-eeee0a96607a.OPERATION#flowable-async-job-executor-thread-26748#
[XS2BuildCloudDeployModelStep] MTA archive modules: [backorder-history-srv, backorder-history-db-deployer, backorder-history-app]#
#2026 05 01 12:03:39.639#Z#DEBUG#c8df2564-4555-11f1-8bc2-eeee0a96607a.OPERATION#flowable-async-job-executor-thread-26748#
[XS2BuildCloudDeployModelStep] Deployed modules: [backorder-history-app, backorder-history-db-deployer, backorder-history-srv]#
#2026 05 01 12:03:39.639#Z#DEBUG#c8df2564-4555-11f1-8bc2-eeee0a96607a.OPERATION#flowable-async-job-executor-thread-26748#
[XS2BuildCloudDeployModelStep] MTA modules: [backorder-history-srv, backorder-history-db-deployer, backorder-history-app]#
#2026 05 01 12:03:39.639#Z#DEBUG#c8df2564-4555-11f1-8bc2-eeee0a96607a.OPERATION#flowable-async-job-executor-thread-26748#
[XS2BuildCloudDeployModelStep] Service keys to create: {
  "backorder-history-xsuaa" : [ ],
  "backorder-db" : [ ]
}#
#2026 05 01 12:03:39.640#Z#DEBUG#c8df2564-4555-11f1-8bc2-eeee0a96607a.OPERATION#flowable-async-job-executor-thread-26748#
[XS2BuildCloudDeployModelStep] Modules to deploy: [{
  "majorSchemaVersion" : 3,
  "name" : "backorder-history-srv",
  "type" : "javascript.nodejs",
  "path" : "backorder-history-srv",
  "properties" : { },
  "parameters" : {
    "default-url" : "https://994ae882trial-dev-backorder-history-srv.cfapps.us10-001.hana.ondemand.com",
    "default-app-name" : "backorder-history-srv",
    "generated-password" : "********",
    "default-live-url" : "https://994ae882trial-dev-backorder-history-srv.cfapps.us10-001.hana.ondemand.com",
    "default-uri" : "994ae882trial-dev-backorder-history-srv.cfapps.us10-001.hana.ondemand.com",
    "default-instances" : 1,
    "default-live-host" : "994ae882trial-dev-backorder-history-srv",
    "instances" : 1,
    "buildpack" : "nodejs_buildpack",
    "default-host" : "994ae882trial-dev-backorder-history-srv",
    "app-name" : "backorder-history-srv",
    "default-live-uri" : "994ae882trial-dev-backorder-history-srv.cfapps.us10-001.hana.ondemand.com",
    "protocol" : "https",
    "default-live-app-name" : "backorder-history-srv",
    "default-live-domain" : "cfapps.us10-001.hana.ondemand.com",
    "dependency-type" : "soft",
    "domain" : "cfapps.us10-001.hana.ondemand.com",
    "host" : "994ae882trial-dev-backorder-history-srv",
    "generated-user" : "********"
  },
  "requiredDependencies" : [ {
    "majorSchemaVersion" : 3,
    "name" : "backorder-db",
    "properties" : { },
    "parameters" : { },
    "propertiesMetadata" : {
      "metadata" : { }
    },
    "parametersMetadata" : {
      "metadata" : { }
    }
  }, {
    "majorSchemaVersion" : 3,
    "name" : "backorder-history-xsuaa",
    "properties" : { },
    "parameters" : { },
    "propertiesMetadata" : {
      "metadata" : { }
    },
    "parametersMetadata" : {
      "metadata" : { }
    }
  } ],
  "providedDependencies" : [ {
    "majorSchemaVersion" : 3,
    "name" : "srv-api",
    "isPublic" : false,
    "properties" : {
      "srv-url" : "https://994ae882trial-dev-backorder-history-srv.cfapps.us10-001.hana.ondemand.com"
    },
    "parameters" : { },
    "propertiesMetadata" : {
      "metadata" : { }
    },
    "parametersMetadata" : {
      "metadata" : { }
    }
  }, {
    "majorSchemaVersion" : 3,
    "name" : "backorder-history-srv",
    "isPublic" : false,
    "properties" : { },
    "parameters" : { },
    "propertiesMetadata" : {
      "metadata" : { }
    },
    "parametersMetadata" : {
      "metadata" : { }
    }
  } ],
  "propertiesMetadata" : {
    "metadata" : { }
  },
  "parametersMetadata" : {
    "metadata" : { }
  },
  "deployedAfter" : [ ],
  "hooks" : [ ]
}, {
  "majorSchemaVersion" : 3,
  "name" : "backorder-history-db-deployer",
  "type" : "com.sap.xs.hdi",
  "path" : "backorder-history-db-deployer",
  "properties" : {
    "EXIT" : 1
  },
  "parameters" : {
    "default-url" : "https://994ae882trial-dev-backorder-history-db-deployer.cfapps.us10-001.hana.ondemand.com",
    "default-app-name" : "backorder-history-db-deployer",
    "generated-password" : "********",
    "default-live-url" : "https://994ae882trial-dev-backorder-history-db-deployer.cfapps.us10-001.hana.ondemand.com",
    "default-uri" : "994ae882trial-dev-backorder-history-db-deployer.cfapps.us10-001.hana.ondemand.com",
    "memory" : "256M",
    "default-instances" : 1,
    "no-route" : true,
    "default-live-host" : "994ae882trial-dev-backorder-history-db-deployer",
    "instances" : 1,
    "buildpack" : "nodejs_buildpack",
    "default-host" : "994ae882trial-dev-backorder-history-db-deployer",
    "app-name" : "backorder-history-db-deployer",
    "default-live-uri" : "994ae882trial-dev-backorder-history-db-deployer.cfapps.us10-001.hana.ondemand.com",
    "protocol" : "https",
    "default-live-app-name" : "backorder-history-db-deployer",
    "default-live-domain" : "cfapps.us10-001.hana.ondemand.com",
    "dependency-type" : "hard",
    "domain" : "cfapps.us10-001.hana.ondemand.com",
    "host" : "994ae882trial-dev-backorder-history-db-deployer",
    "generated-user" : "********",
    "tasks" : [ {
      "command" : "npm start",
      "memory" : "256M",
      "name" : "deploy"
    } ],
    "no-start" : true
  },
  "requiredDependencies" : [ {
    "majorSchemaVersion" : 3,
    "name" : "backorder-db",
    "properties" : { },
    "parameters" : { },
    "propertiesMetadata" : {
      "metadata" : { }
    },
    "parametersMetadata" : {
      "metadata" : { }
    }
  } ],
  "providedDependencies" : [ {
    "majorSchemaVersion" : 3,
    "name" : "backorder-history-db-deployer",
    "isPublic" : false,
    "properties" : { },
    "parameters" : { },
    "propertiesMetadata" : {
      "metadata" : { }
    },
    "parametersMetadata" : {
      "metadata" : { }
    }
  } ],
  "propertiesMetadata" : {
    "metadata" : { }
  },
  "parametersMetadata" : {
    "metadata" : { }
  },
  "deployedAfter" : [ ],
  "hooks" : [ ]
}, {
  "majorSchemaVersion" : 3,
  "name" : "backorder-history-app",
  "type" : "javascript.nodejs",
  "path" : "backorder-history-app",
  "properties" : { },
  "parameters" : {
    "default-url" : "https://994ae882trial-dev-backorder-history-app.cfapps.us10-001.hana.ondemand.com",
    "default-app-name" : "backorder-history-app",
    "generated-password" : "********",
    "default-live-url" : "https://994ae882trial-dev-backorder-history-app.cfapps.us10-001.hana.ondemand.com",
    "default-uri" : "994ae882trial-dev-backorder-history-app.cfapps.us10-001.hana.ondemand.com",
    "memory" : "128M",
    "default-instances" : 1,
    "default-live-host" : "994ae882trial-dev-backorder-history-app",
    "instances" : 1,
    "default-host" : "994ae882trial-dev-backorder-history-app",
    "app-name" : "backorder-history-app",
    "default-live-uri" : "994ae882trial-dev-backorder-history-app.cfapps.us10-001.hana.ondemand.com",
    "protocol" : "https",
    "default-live-app-name" : "backorder-history-app",
    "default-live-domain" : "cfapps.us10-001.hana.ondemand.com",
    "disk-quota" : "256M",
    "dependency-type" : "soft",
    "domain" : "cfapps.us10-001.hana.ondemand.com",
    "host" : "994ae882trial-dev-backorder-history-app",
    "generated-user" : "********"
  },
  "requiredDependencies" : [ {
    "majorSchemaVersion" : 3,
    "name" : "srv-api",
    "group" : "destinations",
    "properties" : {
      "name" : "backorder-history-srv",
      "forwardAuthToken" : "********",
      "url" : "https://994ae882trial-dev-backorder-history-srv.cfapps.us10-001.hana.ondemand.com"
    },
    "parameters" : { },
    "propertiesMetadata" : {
      "metadata" : { }
    },
    "parametersMetadata" : {
      "metadata" : { }
    }
  }, {
    "majorSchemaVersion" : 3,
    "name" : "backorder-history-xsuaa",
    "properties" : { },
    "parameters" : { },
    "propertiesMetadata" : {
      "metadata" : { }
    },
    "parametersMetadata" : {
      "metadata" : { }
    }
  } ],
  "providedDependencies" : [ {
    "majorSchemaVersion" : 3,
    "name" : "backorder-history-app",
    "isPublic" : false,
    "properties" : { },
    "parameters" : { },
    "propertiesMetadata" : {
      "metadata" : { }
    },
    "parametersMetadata" : {
      "metadata" : { }
    }
  } ],
  "propertiesMetadata" : {
    "metadata" : { }
  },
  "parametersMetadata" : {
    "metadata" : { }
  },
  "deployedAfter" : [ ],
  "hooks" : [ ]
}]#
#2026 05 01 12:03:39.641#Z#DEBUG#c8df2564-4555-11f1-8bc2-eeee0a96607a.OPERATION#flowable-async-job-executor-thread-26748#
[XS2BuildCloudDeployModelStep] Custom domains: []#
#2026 05 01 12:03:39.642#Z#DEBUG#c8df2564-4555-11f1-8bc2-eeee0a96607a.OPERATION#flowable-async-job-executor-thread-26748#
[XS2BuildCloudDeployModelStep] Calculating resource batches...#
#2026 05 01 12:03:39.642#Z#DEBUG#c8df2564-4555-11f1-8bc2-eeee0a96607a.OPERATION#flowable-async-job-executor-thread-26748#
[XS2BuildCloudDeployModelStep] Calculating resource batches completed.#
#2026 05 01 12:03:39.642#Z#DEBUG#c8df2564-4555-11f1-8bc2-eeee0a96607a.OPERATION#flowable-async-job-executor-thread-26748#
[XS2BuildCloudDeployModelStep] Cloud deployment model built#
#2026 05 01 12:03:39.642#Z#DEBUG#c8df2564-4555-11f1-8bc2-eeee0a96607a.OPERATION#flowable-async-job-executor-thread-26748#
Step "Build Deploy Model" finished#
#2026 05 01 12:03:39.678#Z#DEBUG#c8df2564-4555-11f1-8bc2-eeee0a96607a.OPERATION#flowable-async-job-executor-thread-26748#
[BuildCloudUndeployModelStep] Executing task "buildUndeployModelTask" of process "c8df258a-4555-11f1-8bc2-eeee0a96607a"...#
#2026 05 01 12:03:39.678#Z#DEBUG#c8df2564-4555-11f1-8bc2-eeee0a96607a.OPERATION#flowable-async-job-executor-thread-26748#
[BuildCloudUndeployModelStep] Building cloud undeployment model...#
#2026 05 01 12:03:39.680#Z#DEBUG#c8df2564-4555-11f1-8bc2-eeee0a96607a.OPERATION#flowable-async-job-executor-thread-26748#
[BuildCloudUndeployModelStep] Detecting service keys to delete.#
#2026 05 01 12:03:39.681#Z#DEBUG#c8df2564-4555-11f1-8bc2-eeee0a96607a.OPERATION#flowable-async-job-executor-thread-26748#
[BuildCloudUndeployModelStep] No deployed service keys detected!#
#2026 05 01 12:03:39.681#Z#DEBUG#c8df2564-4555-11f1-8bc2-eeee0a96607a.OPERATION#flowable-async-job-executor-thread-26748#
[BuildCloudUndeployModelStep] Detected service keys to delete "[]"#
#2026 05 01 12:03:39.685#Z#DEBUG#c8df2564-4555-11f1-8bc2-eeee0a96607a.OPERATION#flowable-async-job-executor-thread-26748#
[BuildCloudUndeployModelStep] MTA modules: [backorder-history-srv, backorder-history-db-deployer, backorder-history-app]#
#2026 05 01 12:03:39.685#Z#DEBUG#c8df2564-4555-11f1-8bc2-eeee0a96607a.OPERATION#flowable-async-job-executor-thread-26748#
[BuildCloudUndeployModelStep] Modules to undeploy: [ ]#
#2026 05 01 12:03:39.685#Z#DEBUG#c8df2564-4555-11f1-8bc2-eeee0a96607a.OPERATION#flowable-async-job-executor-thread-26748#
[BuildCloudUndeployModelStep] Modules that won't be changed: [ ]#
#2026 05 01 12:03:39.686#Z#DEBUG#c8df2564-4555-11f1-8bc2-eeee0a96607a.OPERATION#flowable-async-job-executor-thread-26748#
[BuildCloudUndeployModelStep] Subscriptions to delete: [ ]#
#2026 05 01 12:03:39.687#Z#DEBUG#c8df2564-4555-11f1-8bc2-eeee0a96607a.OPERATION#flowable-async-job-executor-thread-26748#
[BuildCloudUndeployModelStep] Cloud services to delete: []#
#2026 05 01 12:03:39.688#Z#DEBUG#c8df2564-4555-11f1-8bc2-eeee0a96607a.OPERATION#flowable-async-job-executor-thread-26748#
[BuildCloudUndeployModelStep] Cloud applications to undeploy: [ ]#
#2026 05 01 12:03:39.690#Z#DEBUG#c8df2564-4555-11f1-8bc2-eeee0a96607a.OPERATION#flowable-async-job-executor-thread-26748#
[BuildCloudUndeployModelStep] Cloud undeployment model built#
#2026 05 01 12:03:39.690#Z#DEBUG#c8df2564-4555-11f1-8bc2-eeee0a96607a.OPERATION#flowable-async-job-executor-thread-26748#
Step "Build Undeploy Model" finished#
#2026 05 01 12:03:39.720#Z#DEBUG#c8df2564-4555-11f1-8bc2-eeee0a96607a.OPERATION#flowable-async-job-executor-thread-26745#
[AddDomainsStep] Executing task "addDomainsTask" of process "c8df258a-4555-11f1-8bc2-eeee0a96607a"...#
#2026 05 01 12:03:39.722#Z#DEBUG#c8df2564-4555-11f1-8bc2-eeee0a96607a.OPERATION#flowable-async-job-executor-thread-26745#
[AddDomainsStep] Custom domains: []#
#2026 05 01 12:03:39.722#Z#DEBUG#c8df2564-4555-11f1-8bc2-eeee0a96607a.OPERATION#flowable-async-job-executor-thread-26745#
Step "Add Domains" finished#
#2026 05 01 12:03:39.823#Z#DEBUG#c8df2564-4555-11f1-8bc2-eeee0a96607a.OPERATION#flowable-async-job-executor-thread-26745#
[ExtractBatchedServicesWithResolvedDynamicParametersStep] Executing task "prepareModulesDeploymentTask" of process "ca89535f-4555-11f1-8bc2-eeee0a96607a"...#
#2026 05 01 12:03:39.824#Z#DEBUG#c8df2564-4555-11f1-8bc2-eeee0a96607a.OPERATION#flowable-async-job-executor-thread-26745#
[ExtractBatchedServicesWithResolvedDynamicParametersStep] Extracting services and resolving dynamic parameters from batch#
#2026 05 01 12:03:39.825#Z#DEBUG#c8df2564-4555-11f1-8bc2-eeee0a96607a.OPERATION#flowable-async-job-executor-thread-26745#
[ExtractBatchedServicesWithResolvedDynamicParametersStep] Services to create: [ {
  "isOptional" : false,
  "isManaged" : true,
  "name" : "backorder-db",
  "v3Metadata" : {
    "annotations" : {
      "mta_id" : "backorder-history",
      "mta_version" : "1.0.0",
      "mta_resource" : "{\"name\":\"backorder-db\"}"
    },
    "labels" : {
      "mta_id" : "2a8116cd5454191867b4ccd652598f0d"
    }
  },
  "label" : "hana",
  "plan" : "hdi-shared",
  "credentials" : "********",
  "tags" : [ ],
  "type" : "managed",
  "resourceName" : "backorder-db",
  "shouldSkipParametersUpdate" : false,
  "shouldSkipPlanUpdate" : false,
  "shouldSkipTagsUpdate" : false,
  "shouldSkipSyslogUrlUpdate" : false
}, {
  "isOptional" : false,
  "isManaged" : true,
  "name" : "backorder-history-xsuaa",
  "v3Metadata" : {
    "annotations" : {
      "mta_id" : "backorder-history",
      "mta_version" : "1.0.0",
      "mta_resource" : "{\"name\":\"backorder-history-xsuaa\"}"
    },
    "labels" : {
      "mta_id" : "2a8116cd5454191867b4ccd652598f0d"
    }
  },
  "label" : "xsuaa",
  "plan" : "application",
  "credentials" : "********",
  "tags" : [ ],
  "type" : "managed",
  "resourceName" : "backorder-history-xsuaa",
  "shouldSkipParametersUpdate" : false,
  "shouldSkipPlanUpdate" : false,
  "shouldSkipTagsUpdate" : false,
  "shouldSkipSyslogUrlUpdate" : false
} ]#
#2026 05 01 12:03:39.826#Z#DEBUG#c8df2564-4555-11f1-8bc2-eeee0a96607a.OPERATION#flowable-async-job-executor-thread-26745#
Step "Extract Services with Resolved Dynamic parameters from batch" finished#
#2026 05 01 12:03:39.908#Z#DEBUG#c8df2564-4555-11f1-8bc2-eeee0a96607a.OPERATION#flowable-async-job-executor-thread-26745#
[CheckServiceOperationStateStep] Executing task "CheckServiceOperationStateTask" of process "ca978404-4555-11f1-8bc2-eeee0a96607a"...#
#2026 05 01 12:03:39.908#Z#DEBUG#c8df2564-4555-11f1-8bc2-eeee0a96607a.OPERATION#flowable-async-job-executor-thread-26745#
[CheckServiceOperationStateStep] Getting service instance "backorder-db"...#
#2026 05 01 12:03:40.074#Z#DEBUG#c8df2564-4555-11f1-8bc2-eeee0a96607a.OPERATION#flowable-async-job-executor-thread-26745#
Step "Check for service operations in Progress" finished#
#2026 05 01 12:03:40.100#Z#DEBUG#c8df2564-4555-11f1-8bc2-eeee0a96607a.OPERATION#flowable-async-job-executor-thread-26745#
[DetermineServiceCreateUpdateServiceActionsStep] Executing task "DetermineServiceCreateUpdateActionsTask" of process "ca978404-4555-11f1-8bc2-eeee0a96607a"...#
#2026 05 01 12:03:40.101#Z#INFO#c8df2564-4555-11f1-8bc2-eeee0a96607a.OPERATION#flowable-async-job-executor-thread-26745#
[DetermineServiceCreateUpdateServiceActionsStep] Processing service "backorder-db"...#
#2026 05 01 12:03:40.105#Z#DEBUG#c8df2564-4555-11f1-8bc2-eeee0a96607a.OPERATION#flowable-async-job-executor-thread-26745#
[DetermineServiceCreateUpdateServiceActionsStep] Getting service instance "backorder-db"...#
#2026 05 01 12:03:40.225#Z#DEBUG#c8df2564-4555-11f1-8bc2-eeee0a96607a.OPERATION#flowable-async-job-executor-thread-26745#
[DetermineServiceCreateUpdateServiceActionsStep] Existing service: {
  "name" : "backorder-db",
  "metadata" : {
    "guid" : "1dc0a90f-458e-47db-8e7a-3427f56abe82",
    "createdAt" : [ 2026, 4, 30, 13, 38, 2 ],
    "updatedAt" : [ 2026, 4, 30, 13, 38, 3 ]
  },
  "v3Metadata" : {
    "annotations" : {
      "mta_id" : "backorder-history",
      "mta_version" : "1.0.0",
      "mta_resource" : "{\"name\":\"backorder-db\"}"
    },
    "labels" : {
      "mta_id" : "2a8116cd5454191867b4ccd652598f0d"
    }
  },
  "label" : "hana",
  "plan" : "hdi-shared",
  "credentials" : "********",
  "tags" : [ ],
  "type" : "managed",
  "lastOperation" : {
    "type" : "CREATE",
    "state" : "SUCCEEDED"
  }
}#
#2026 05 01 12:03:40.225#Z#WARN#c8df2564-4555-11f1-8bc2-eeee0a96607a.OPERATION#flowable-async-job-executor-thread-26745#
[DetermineServiceCreateUpdateServiceActionsStep] Service parameters for service "backorder-db" will not be updated, as the parameters are not defined or empty.#
#2026 05 01 12:03:40.225#Z#DEBUG#c8df2564-4555-11f1-8bc2-eeee0a96607a.OPERATION#flowable-async-job-executor-thread-26745#
Step "Determine update actions" finished#
#2026 05 01 12:03:40.260#Z#DEBUG#c8df2564-4555-11f1-8bc2-eeee0a96607a.OPERATION#flowable-async-job-executor-thread-26745#
[CheckForServiceBindingOrKeyOperationStep] Executing task "CheckForServiceBindingOrKeyCreation" of process "ca978404-4555-11f1-8bc2-eeee0a96607a"...#
#2026 05 01 12:03:40.263#Z#DEBUG#c8df2564-4555-11f1-8bc2-eeee0a96607a.OPERATION#flowable-async-job-executor-thread-26745#
Step "Check for service binding or key creation" finished#
#2026 05 01 12:03:40.452#Z#DEBUG#c8df2564-4555-11f1-8bc2-eeee0a96607a.OPERATION#flowable-async-job-executor-thread-10517#
[CheckServiceOperationStateStep] Executing task "CheckServiceOperationStateTask" of process "cae81519-4555-11f1-a7f9-eeee0a89742b"...#
#2026 05 01 12:03:40.453#Z#DEBUG#c8df2564-4555-11f1-8bc2-eeee0a96607a.OPERATION#flowable-async-job-executor-thread-10517#
[CheckServiceOperationStateStep] Getting service instance "backorder-history-xsuaa"...#
#2026 05 01 12:03:40.481#Z#DEBUG#c8df2564-4555-11f1-8bc2-eeee0a96607a.OPERATION#flowable-async-job-executor-thread-10517#
Step "Check for service operations in Progress" finished#
#2026 05 01 12:03:40.531#Z#DEBUG#c8df2564-4555-11f1-8bc2-eeee0a96607a.OPERATION#flowable-async-job-executor-thread-10518#
[DetermineServiceCreateUpdateServiceActionsStep] Executing task "DetermineServiceCreateUpdateActionsTask" of process "cae81519-4555-11f1-a7f9-eeee0a89742b"...#
#2026 05 01 12:03:40.533#Z#INFO#c8df2564-4555-11f1-8bc2-eeee0a96607a.OPERATION#flowable-async-job-executor-thread-10518#
[DetermineServiceCreateUpdateServiceActionsStep] Processing service "backorder-history-xsuaa"...#
#2026 05 01 12:03:40.539#Z#DEBUG#c8df2564-4555-11f1-8bc2-eeee0a96607a.OPERATION#flowable-async-job-executor-thread-10518#
[DetermineServiceCreateUpdateServiceActionsStep] Getting service instance "backorder-history-xsuaa"...#
#2026 05 01 12:03:40.565#Z#INFO#c8df2564-4555-11f1-8bc2-eeee0a96607a.OPERATION#flowable-async-job-executor-thread-10518#
[DetermineServiceCreateUpdateServiceActionsStep] Setting service "backorder-history-xsuaa" parameters from "xs-security.json"#
#2026 05 01 12:03:40.642#Z#DEBUG#c8df2564-4555-11f1-8bc2-eeee0a96607a.OPERATION#flowable-async-job-executor-thread-10518#
[DetermineServiceCreateUpdateServiceActionsStep] Service should be created#
#2026 05 01 12:03:40.646#Z#DEBUG#c8df2564-4555-11f1-8bc2-eeee0a96607a.OPERATION#flowable-async-job-executor-thread-10518#
Step "Determine update actions" finished#
#2026 05 01 12:03:40.713#Z#DEBUG#c8df2564-4555-11f1-8bc2-eeee0a96607a.OPERATION#flowable-async-job-executor-thread-10519#
[CreateServiceStep] Executing task "CreateServiceTask" of process "cae81519-4555-11f1-a7f9-eeee0a89742b"...#
#2026 05 01 12:03:40.716#Z#INFO#c8df2564-4555-11f1-8bc2-eeee0a96607a.OPERATION#flowable-async-job-executor-thread-10519#
[CreateServiceStep] Creating service "backorder-history-xsuaa" from MTA resource "backorder-history-xsuaa"...#
#2026 05 01 12:03:40.722#Z#DEBUG#c8df2564-4555-11f1-8bc2-eeee0a96607a.OPERATION#flowable-async-job-executor-thread-10519#
[CreateServiceStep] Creating service instance: {
  "isOptional" : false,
  "isManaged" : true,
  "name" : "backorder-history-xsuaa",
  "v3Metadata" : {
    "annotations" : {
      "mta_id" : "backorder-history",
      "mta_version" : "1.0.0",
      "mta_resource" : "{\"name\":\"backorder-history-xsuaa\"}"
    },
    "labels" : {
      "mta_id" : "2a8116cd5454191867b4ccd652598f0d"
    }
  },
  "label" : "xsuaa",
  "plan" : "application",
  "credentials" : "********",
  "tags" : [ ],
  "type" : "managed",
  "resourceName" : "backorder-history-xsuaa",
  "shouldSkipParametersUpdate" : false,
  "shouldSkipPlanUpdate" : false,
  "shouldSkipTagsUpdate" : false,
  "shouldSkipSyslogUrlUpdate" : false
}#
#2026 05 01 12:03:40.971#Z#DEBUG#c8df2564-4555-11f1-8bc2-eeee0a96607a.OPERATION#flowable-async-job-executor-thread-10519#
[CreateServiceStep] Service "backorder-history-xsuaa" created#
#2026 05 01 12:03:40.971#Z#DEBUG#c8df2564-4555-11f1-8bc2-eeee0a96607a.OPERATION#flowable-async-job-executor-thread-10519#
[CreateServiceStep] Triggered service operations: {
  "backorder-history-xsuaa" : "CREATE"
}#
#2026 05 01 12:03:40.972#Z#DEBUG#c8df2564-4555-11f1-8bc2-eeee0a96607a.OPERATION#flowable-async-job-executor-thread-10519#
Step "Create" finished#
#2026 05 01 12:03:48.447#Z#DEBUG#c8df2564-4555-11f1-8bc2-eeee0a96607a.OPERATION#flowable-async-job-executor-thread-26754#
[CreateServiceStep] Executing task "CreateServiceTask" of process "cae81519-4555-11f1-a7f9-eeee0a89742b"...#
#2026 05 01 12:03:48.447#Z#DEBUG#c8df2564-4555-11f1-8bc2-eeee0a96607a.OPERATION#flowable-async-job-executor-thread-26754#
[CreateServiceStep] Polling service operations...#
#2026 05 01 12:03:48.449#Z#DEBUG#c8df2564-4555-11f1-8bc2-eeee0a96607a.OPERATION#flowable-async-job-executor-thread-26754#
[CreateServiceStep] Getting service instance "backorder-history-xsuaa"...#
#2026 05 01 12:03:48.564#Z#DEBUG#c8df2564-4555-11f1-8bc2-eeee0a96607a.OPERATION#flowable-async-job-executor-thread-26754#
[CreateServiceStep] Last operation for service "backorder-history-xsuaa": {
  "type" : "CREATE",
  "description" : "",
  "state" : "SUCCEEDED"
}#
#2026 05 01 12:03:48.564#Z#DEBUG#c8df2564-4555-11f1-8bc2-eeee0a96607a.OPERATION#flowable-async-job-executor-thread-26754#
[CreateServiceStep] Service "backorder-history-xsuaa" created#
#2026 05 01 12:03:48.564#Z#INFO#c8df2564-4555-11f1-8bc2-eeee0a96607a.OPERATION#flowable-async-job-executor-thread-26754#
[CreateServiceStep] 1 of 1 done#
#2026 05 01 12:03:48.568#Z#DEBUG#c8df2564-4555-11f1-8bc2-eeee0a96607a.OPERATION#flowable-async-job-executor-thread-26754#
[CreateServiceStep] Remaining services to poll: [ ]#
#2026 05 01 12:03:48.569#Z#DEBUG#c8df2564-4555-11f1-8bc2-eeee0a96607a.OPERATION#flowable-async-job-executor-thread-26754#
Step "Create" finished#
#2026 05 01 12:03:48.787#Z#DEBUG#c8df2564-4555-11f1-8bc2-eeee0a96607a.OPERATION#flowable-async-job-executor-thread-26754#
[PrepareModulesDeploymentStep] Executing task "prepareModulesDeploymentTask" of process "cfdfc005-4555-11f1-8bc2-eeee0a96607a"...#
#2026 05 01 12:03:48.787#Z#DEBUG#c8df2564-4555-11f1-8bc2-eeee0a96607a.OPERATION#flowable-async-job-executor-thread-26754#
[PrepareModulesDeploymentStep] Preparing modules deployment...#
#2026 05 01 12:03:48.790#Z#DEBUG#c8df2564-4555-11f1-8bc2-eeee0a96607a.OPERATION#flowable-async-job-executor-thread-26754#
Step "Prepare Modules Deployment" finished#
#2026 05 01 12:03:48.821#Z#DEBUG#c8df2564-4555-11f1-8bc2-eeee0a96607a.OPERATION#flowable-async-job-executor-thread-26754#
[ComputeNextModulesStep] Executing task "computeNextModulesToDeployInParallel" of process "cfdfc005-4555-11f1-8bc2-eeee0a96607a"...#
#2026 05 01 12:03:48.822#Z#DEBUG#c8df2564-4555-11f1-8bc2-eeee0a96607a.OPERATION#flowable-async-job-executor-thread-26754#
[ComputeNextModulesStep] Computing modules for next parallel iteration...#
#2026 05 01 12:03:48.823#Z#DEBUG#c8df2564-4555-11f1-8bc2-eeee0a96607a.OPERATION#flowable-async-job-executor-thread-26754#
[ComputeNextModulesStep] Completed modules detected: []#
#2026 05 01 12:03:48.823#Z#DEBUG#c8df2564-4555-11f1-8bc2-eeee0a96607a.OPERATION#flowable-async-job-executor-thread-26754#
[ComputeNextModulesStep] All modules for deploy detected: [backorder-history-srv, backorder-history-db-deployer, backorder-history-app]#
#2026 05 01 12:03:48.823#Z#DEBUG#c8df2564-4555-11f1-8bc2-eeee0a96607a.OPERATION#flowable-async-job-executor-thread-26754#
[ComputeNextModulesStep] Modules not for deploy detected: []#
#2026 05 01 12:03:48.824#Z#DEBUG#c8df2564-4555-11f1-8bc2-eeee0a96607a.OPERATION#flowable-async-job-executor-thread-26754#
[ComputeNextModulesStep] Computed modules for next parallel iteration: [ {
  "majorSchemaVersion" : 3,
  "name" : "backorder-history-srv",
  "type" : "javascript.nodejs",
  "path" : "backorder-history-srv",
  "properties" : { },
  "parameters" : {
    "app-name" : "backorder-history-srv",
    "buildpack" : "nodejs_buildpack",
    "default-app-name" : "backorder-history-srv",
    "default-host" : "994ae882trial-dev-backorder-history-srv",
    "default-instances" : 1,
    "default-live-app-name" : "backorder-history-srv",
    "default-live-domain" : "cfapps.us10-001.hana.ondemand.com",
    "default-live-host" : "994ae882trial-dev-backorder-history-srv",
    "default-live-uri" : "994ae882trial-dev-backorder-history-srv.cfapps.us10-001.hana.ondemand.com",
    "default-live-url" : "https://994ae882trial-dev-backorder-history-srv.cfapps.us10-001.hana.ondemand.com",
    "default-uri" : "994ae882trial-dev-backorder-history-srv.cfapps.us10-001.hana.ondemand.com",
    "default-url" : "https://994ae882trial-dev-backorder-history-srv.cfapps.us10-001.hana.ondemand.com",
    "dependency-type" : "soft",
    "domain" : "cfapps.us10-001.hana.ondemand.com",
    "generated-password" : "********",
    "generated-user" : "********",
    "host" : "994ae882trial-dev-backorder-history-srv",
    "instances" : 1,
    "protocol" : "https"
  },
  "requiredDependencies" : [ {
    "majorSchemaVersion" : 3,
    "name" : "backorder-db",
    "properties" : { },
    "parameters" : { },
    "propertiesMetadata" : {
      "metadata" : { }
    },
    "parametersMetadata" : {
      "metadata" : { }
    }
  }, {
    "majorSchemaVersion" : 3,
    "name" : "backorder-history-xsuaa",
    "properties" : { },
    "parameters" : { },
    "propertiesMetadata" : {
      "metadata" : { }
    },
    "parametersMetadata" : {
      "metadata" : { }
    }
  } ],
  "providedDependencies" : [ {
    "majorSchemaVersion" : 3,
    "name" : "srv-api",
    "isPublic" : false,
    "properties" : {
      "srv-url" : "https://994ae882trial-dev-backorder-history-srv.cfapps.us10-001.hana.ondemand.com"
    },
    "parameters" : { },
    "propertiesMetadata" : {
      "metadata" : { }
    },
    "parametersMetadata" : {
      "metadata" : { }
    }
  }, {
    "majorSchemaVersion" : 3,
    "name" : "backorder-history-srv",
    "isPublic" : false,
    "properties" : { },
    "parameters" : { },
    "propertiesMetadata" : {
      "metadata" : { }
    },
    "parametersMetadata" : {
      "metadata" : { }
    }
  } ],
  "propertiesMetadata" : {
    "metadata" : { }
  },
  "parametersMetadata" : {
    "metadata" : { }
  },
  "deployedAfter" : [ ],
  "hooks" : [ ]
}, {
  "majorSchemaVersion" : 3,
  "name" : "backorder-history-db-deployer",
  "type" : "com.sap.xs.hdi",
  "path" : "backorder-history-db-deployer",
  "properties" : {
    "EXIT" : 1
  },
  "parameters" : {
    "app-name" : "backorder-history-db-deployer",
    "buildpack" : "nodejs_buildpack",
    "default-app-name" : "backorder-history-db-deployer",
    "default-host" : "994ae882trial-dev-backorder-history-db-deployer",
    "default-instances" : 1,
    "default-live-app-name" : "backorder-history-db-deployer",
    "default-live-domain" : "cfapps.us10-001.hana.ondemand.com",
    "default-live-host" : "994ae882trial-dev-backorder-history-db-deployer",
    "default-live-uri" : "994ae882trial-dev-backorder-history-db-deployer.cfapps.us10-001.hana.ondemand.com",
    "default-live-url" : "https://994ae882trial-dev-backorder-history-db-deployer.cfapps.us10-001.hana.ondemand.com",
    "default-uri" : "994ae882trial-dev-backorder-history-db-deployer.cfapps.us10-001.hana.ondemand.com",
    "default-url" : "https://994ae882trial-dev-backorder-history-db-deployer.cfapps.us10-001.hana.ondemand.com",
    "dependency-type" : "hard",
    "domain" : "cfapps.us10-001.hana.ondemand.com",
    "generated-password" : "********",
    "generated-user" : "********",
    "host" : "994ae882trial-dev-backorder-history-db-deployer",
    "instances" : 1,
    "memory" : "256M",
    "no-route" : true,
    "no-start" : true,
    "protocol" : "https",
    "tasks" : [ {
      "command" : "npm start",
      "memory" : "256M",
      "name" : "deploy"
    } ]
  },
  "requiredDependencies" : [ {
    "majorSchemaVersion" : 3,
    "name" : "backorder-db",
    "properties" : { },
    "parameters" : { },
    "propertiesMetadata" : {
      "metadata" : { }
    },
    "parametersMetadata" : {
      "metadata" : { }
    }
  } ],
  "providedDependencies" : [ {
    "majorSchemaVersion" : 3,
    "name" : "backorder-history-db-deployer",
    "isPublic" : false,
    "properties" : { },
    "parameters" : { },
    "propertiesMetadata" : {
      "metadata" : { }
    },
    "parametersMetadata" : {
      "metadata" : { }
    }
  } ],
  "propertiesMetadata" : {
    "metadata" : { }
  },
  "parametersMetadata" : {
    "metadata" : { }
  },
  "deployedAfter" : [ ],
  "hooks" : [ ]
}, {
  "majorSchemaVersion" : 3,
  "name" : "backorder-history-app",
  "type" : "javascript.nodejs",
  "path" : "backorder-history-app",
  "properties" : { },
  "parameters" : {
    "app-name" : "backorder-history-app",
    "default-app-name" : "backorder-history-app",
    "default-host" : "994ae882trial-dev-backorder-history-app",
    "default-instances" : 1,
    "default-live-app-name" : "backorder-history-app",
    "default-live-domain" : "cfapps.us10-001.hana.ondemand.com",
    "default-live-host" : "994ae882trial-dev-backorder-history-app",
    "default-live-uri" : "994ae882trial-dev-backorder-history-app.cfapps.us10-001.hana.ondemand.com",
    "default-live-url" : "https://994ae882trial-dev-backorder-history-app.cfapps.us10-001.hana.ondemand.com",
    "default-uri" : "994ae882trial-dev-backorder-history-app.cfapps.us10-001.hana.ondemand.com",
    "default-url" : "https://994ae882trial-dev-backorder-history-app.cfapps.us10-001.hana.ondemand.com",
    "dependency-type" : "soft",
    "disk-quota" : "256M",
    "domain" : "cfapps.us10-001.hana.ondemand.com",
    "generated-password" : "********",
    "generated-user" : "********",
    "host" : "994ae882trial-dev-backorder-history-app",
    "instances" : 1,
    "memory" : "128M",
    "protocol" : "https"
  },
  "requiredDependencies" : [ {
    "majorSchemaVersion" : 3,
    "name" : "srv-api",
    "group" : "destinations",
    "properties" : {
      "forwardAuthToken" : "********",
      "name" : "backorder-history-srv",
      "url" : "https://994ae882trial-dev-backorder-history-srv.cfapps.us10-001.hana.ondemand.com"
    },
    "parameters" : { },
    "propertiesMetadata" : {
      "metadata" : { }
    },
    "parametersMetadata" : {
      "metadata" : { }
    }
  }, {
    "majorSchemaVersion" : 3,
    "name" : "backorder-history-xsuaa",
    "properties" : { },
    "parameters" : { },
    "propertiesMetadata" : {
      "metadata" : { }
    },
    "parametersMetadata" : {
      "metadata" : { }
    }
  } ],
  "providedDependencies" : [ {
    "majorSchemaVersion" : 3,
    "name" : "backorder-history-app",
    "isPublic" : false,
    "properties" : { },
    "parameters" : { },
    "propertiesMetadata" : {
      "metadata" : { }
    },
    "parametersMetadata" : {
      "metadata" : { }
    }
  } ],
  "propertiesMetadata" : {
    "metadata" : { }
  },
  "parametersMetadata" : {
    "metadata" : { }
  },
  "deployedAfter" : [ ],
  "hooks" : [ ]
} ]#
#2026 05 01 12:03:48.824#Z#DEBUG#c8df2564-4555-11f1-8bc2-eeee0a96607a.OPERATION#flowable-async-job-executor-thread-26754#
Step "Compute Next Modules To Deploy" finished#
#2026 05 01 12:03:48.971#Z#DEBUG#c8df2564-4555-11f1-8bc2-eeee0a96607a.OPERATION#flowable-async-job-executor-thread-26752#
[ProcessDescriptorStep] Executing task "reprocessDescriptorTask" of process "cff91545-4555-11f1-8bc2-eeee0a96607a"...#
#2026 05 01 12:03:48.971#Z#DEBUG#c8df2564-4555-11f1-8bc2-eeee0a96607a.OPERATION#flowable-async-job-executor-thread-26752#
[ProcessDescriptorStep] Resolving properties and parameters in merged descriptor...#
#2026 05 01 12:03:48.974#Z#DEBUG#c8df2564-4555-11f1-8bc2-eeee0a96607a.OPERATION#flowable-async-job-executor-thread-26752#
[ProcessDescriptorStep] Subscriptions: [ ]#
#2026 05 01 12:03:48.979#Z#DEBUG#c8df2564-4555-11f1-8bc2-eeee0a96607a.OPERATION#flowable-async-job-executor-thread-26752#
[ProcessDescriptorStep] MTA modules: [backorder-history-srv, backorder-history-db-deployer, backorder-history-app]#
#2026 05 01 12:03:48.982#Z#DEBUG#c8df2564-4555-11f1-8bc2-eeee0a96607a.OPERATION#flowable-async-job-executor-thread-26752#
[ProcessDescriptorStep] Resolved deployment descriptor: {
  "majorSchemaVersion" : 3,
  "schemaVersion" : "3.3.0",
  "id" : "backorder-history",
  "version" : "1.0.0",
  "modules" : [ {
    "majorSchemaVersion" : 3,
    "name" : "backorder-history-srv",
    "type" : "javascript.nodejs",
    "path" : "backorder-history-srv",
    "properties" : { },
    "parameters" : {
      "default-url" : "https://994ae882trial-dev-backorder-history-srv.cfapps.us10-001.hana.ondemand.com",
      "default-app-name" : "backorder-history-srv",
      "generated-password" : "********",
      "default-live-url" : "https://994ae882trial-dev-backorder-history-srv.cfapps.us10-001.hana.ondemand.com",
      "default-uri" : "994ae882trial-dev-backorder-history-srv.cfapps.us10-001.hana.ondemand.com",
      "default-instances" : 1,
      "default-live-host" : "994ae882trial-dev-backorder-history-srv",
      "instances" : 1,
      "buildpack" : "nodejs_buildpack",
      "default-host" : "994ae882trial-dev-backorder-history-srv",
      "app-name" : "backorder-history-srv",
      "default-live-uri" : "994ae882trial-dev-backorder-history-srv.cfapps.us10-001.hana.ondemand.com",
      "protocol" : "https",
      "default-live-app-name" : "backorder-history-srv",
      "default-live-domain" : "cfapps.us10-001.hana.ondemand.com",
      "domain" : "cfapps.us10-001.hana.ondemand.com",
      "host" : "994ae882trial-dev-backorder-history-srv",
      "generated-user" : "********"
    },
    "requiredDependencies" : [ {
      "majorSchemaVersion" : 3,
      "name" : "backorder-db",
      "properties" : { },
      "parameters" : { },
      "propertiesMetadata" : {
        "metadata" : { }
      },
      "parametersMetadata" : {
        "metadata" : { }
      }
    }, {
      "majorSchemaVersion" : 3,
      "name" : "backorder-history-xsuaa",
      "properties" : { },
      "parameters" : { },
      "propertiesMetadata" : {
        "metadata" : { }
      },
      "parametersMetadata" : {
        "metadata" : { }
      }
    } ],
    "providedDependencies" : [ {
      "majorSchemaVersion" : 3,
      "name" : "srv-api",
      "isPublic" : false,
      "properties" : {
        "srv-url" : "https://994ae882trial-dev-backorder-history-srv.cfapps.us10-001.hana.ondemand.com"
      },
      "parameters" : { },
      "propertiesMetadata" : {
        "metadata" : { }
      },
      "parametersMetadata" : {
        "metadata" : { }
      }
    }, {
      "majorSchemaVersion" : 3,
      "name" : "backorder-history-srv",
      "isPublic" : false,
      "properties" : { },
      "parameters" : { },
      "propertiesMetadata" : {
        "metadata" : { }
      },
      "parametersMetadata" : {
        "metadata" : { }
      }
    } ],
    "propertiesMetadata" : {
      "metadata" : { }
    },
    "parametersMetadata" : {
      "metadata" : { }
    },
    "hooks" : [ ]
  }, {
    "majorSchemaVersion" : 3,
    "name" : "backorder-history-db-deployer",
    "type" : "com.sap.xs.hdi",
    "path" : "backorder-history-db-deployer",
    "properties" : {
      "EXIT" : 1
    },
    "parameters" : {
      "default-url" : "https://994ae882trial-dev-backorder-history-db-deployer.cfapps.us10-001.hana.ondemand.com",
      "default-app-name" : "backorder-history-db-deployer",
      "generated-password" : "********",
      "default-live-url" : "https://994ae882trial-dev-backorder-history-db-deployer.cfapps.us10-001.hana.ondemand.com",
      "default-uri" : "994ae882trial-dev-backorder-history-db-deployer.cfapps.us10-001.hana.ondemand.com",
      "memory" : "256M",
      "default-instances" : 1,
      "no-route" : true,
      "default-live-host" : "994ae882trial-dev-backorder-history-db-deployer",
      "instances" : 1,
      "buildpack" : "nodejs_buildpack",
      "default-host" : "994ae882trial-dev-backorder-history-db-deployer",
      "app-name" : "backorder-history-db-deployer",
      "default-live-uri" : "994ae882trial-dev-backorder-history-db-deployer.cfapps.us10-001.hana.ondemand.com",
      "protocol" : "https",
      "default-live-app-name" : "backorder-history-db-deployer",
      "default-live-domain" : "cfapps.us10-001.hana.ondemand.com",
      "dependency-type" : "hard",
      "domain" : "cfapps.us10-001.hana.ondemand.com",
      "host" : "994ae882trial-dev-backorder-history-db-deployer",
      "generated-user" : "********",
      "tasks" : [ {
        "command" : "npm start",
        "memory" : "256M",
        "name" : "deploy"
      } ],
      "no-start" : true
    },
    "requiredDependencies" : [ {
      "majorSchemaVersion" : 3,
      "name" : "backorder-db",
      "properties" : { },
      "parameters" : { },
      "propertiesMetadata" : {
        "metadata" : { }
      },
      "parametersMetadata" : {
        "metadata" : { }
      }
    } ],
    "providedDependencies" : [ {
      "majorSchemaVersion" : 3,
      "name" : "backorder-history-db-deployer",
      "isPublic" : false,
      "properties" : { },
      "parameters" : { },
      "propertiesMetadata" : {
        "metadata" : { }
      },
      "parametersMetadata" : {
        "metadata" : { }
      }
    } ],
    "propertiesMetadata" : {
      "metadata" : { }
    },
    "parametersMetadata" : {
      "metadata" : { }
    },
    "hooks" : [ ]
  }, {
    "majorSchemaVersion" : 3,
    "name" : "backorder-history-app",
    "type" : "javascript.nodejs",
    "path" : "backorder-history-app",
    "properties" : { },
    "parameters" : {
      "default-url" : "https://994ae882trial-dev-backorder-history-app.cfapps.us10-001.hana.ondemand.com",
      "default-app-name" : "backorder-history-app",
      "generated-password" : "********",
      "default-live-url" : "https://994ae882trial-dev-backorder-history-app.cfapps.us10-001.hana.ondemand.com",
      "default-uri" : "994ae882trial-dev-backorder-history-app.cfapps.us10-001.hana.ondemand.com",
      "memory" : "128M",
      "default-instances" : 1,
      "default-live-host" : "994ae882trial-dev-backorder-history-app",
      "instances" : 1,
      "default-host" : "994ae882trial-dev-backorder-history-app",
      "app-name" : "backorder-history-app",
      "default-live-uri" : "994ae882trial-dev-backorder-history-app.cfapps.us10-001.hana.ondemand.com",
      "protocol" : "https",
      "default-live-app-name" : "backorder-history-app",
      "default-live-domain" : "cfapps.us10-001.hana.ondemand.com",
      "disk-quota" : "256M",
      "domain" : "cfapps.us10-001.hana.ondemand.com",
      "host" : "994ae882trial-dev-backorder-history-app",
      "generated-user" : "********"
    },
    "requiredDependencies" : [ {
      "majorSchemaVersion" : 3,
      "name" : "srv-api",
      "group" : "destinations",
      "properties" : {
        "name" : "backorder-history-srv",
        "forwardAuthToken" : "********",
        "url" : "https://994ae882trial-dev-backorder-history-srv.cfapps.us10-001.hana.ondemand.com"
      },
      "parameters" : { },
      "propertiesMetadata" : {
        "metadata" : { }
      },
      "parametersMetadata" : {
        "metadata" : { }
      }
    }, {
      "majorSchemaVersion" : 3,
      "name" : "backorder-history-xsuaa",
      "properties" : { },
      "parameters" : { },
      "propertiesMetadata" : {
        "metadata" : { }
      },
      "parametersMetadata" : {
        "metadata" : { }
      }
    } ],
    "providedDependencies" : [ {
      "majorSchemaVersion" : 3,
      "name" : "backorder-history-app",
      "isPublic" : false,
      "properties" : { },
      "parameters" : { },
      "propertiesMetadata" : {
        "metadata" : { }
      },
      "parametersMetadata" : {
        "metadata" : { }
      }
    } ],
    "propertiesMetadata" : {
      "metadata" : { }
    },
    "parametersMetadata" : {
      "metadata" : { }
    },
    "hooks" : [ ]
  } ],
  "resources" : [ {
    "majorSchemaVersion" : 3,
    "name" : "backorder-db",
    "type" : "com.sap.xs.hdi-container",
    "properties" : { },
    "parameters" : {
      "generated-password" : "********",
      "service-name" : "backorder-db",
      "service-plan" : "hdi-shared",
      "existing-service" : "dev_project-db",
      "service" : "hana",
      "generated-user" : "********",
      "default-xsappname" : "backorder-db",
      "type" : "managed-service",
      "default-service-name" : "backorder-db",
      "default-container-name" : "994AE882TRIAL_DEV_BACKORDER_DB"
    },
    "isActive" : true,
    "isOptional" : false,
    "propertiesMetadata" : {
      "metadata" : { }
    },
    "parametersMetadata" : {
      "metadata" : { }
    },
    "requiredDependencies" : [ ],
    "processedAfter" : [ ]
  }, {
    "majorSchemaVersion" : 3,
    "name" : "backorder-history-xsuaa",
    "type" : "org.cloudfoundry.managed-service",
    "properties" : { },
    "parameters" : {
      "generated-password" : "********",
      "path" : "./xs-security.json",
      "service-name" : "backorder-history-xsuaa",
      "service-plan" : "application",
      "service" : "xsuaa",
      "generated-user" : "********",
      "default-xsappname" : "backorder-history-xsuaa",
      "type" : "managed-service",
      "default-service-name" : "backorder-history-xsuaa",
      "default-container-name" : "994AE882TRIAL_DEV_BACKORDER_HISTORY_XSUAA"
    },
    "isActive" : true,
    "isOptional" : false,
    "propertiesMetadata" : {
      "metadata" : { }
    },
    "parametersMetadata" : {
      "metadata" : { }
    },
    "requiredDependencies" : [ ],
    "processedAfter" : [ ]
  } ],
  "parameters" : {
    "mta-id" : "backorder-history",
    "authorization-url" : "********",
    "org-guid" : "1883dc8c-1327-4ff3-b311-d37148c9d798",
    "org" : "994ae882trial",
    "deploy-target" : "994ae882trial dev",
    "enable-parallel-deployments" : true,
    "region-primary-domain" : "us10.hana.ondemand.com",
    "space" : "dev",
    "region-domain" : "us10-001.hana.ondemand.com",
    "xs-api-url" : "https://api.cf.us10-001.hana.ondemand.com",
    "deploy-url" : "deploy-service.cfapps.us10-001.hana.ondemand.com",
    "xs-type" : "CF",
    "default-domain" : "cfapps.us10-001.hana.ondemand.com",
    "mta-version" : "1.0.0",
    "xs-auth-url" : "********",
    "space-guid" : "c51380c4-d99a-4d8c-a5f3-74fd0dd27165",
    "user" : "********",
    "controller-url" : "https://api.cf.us10-001.hana.ondemand.com",
    "timestamp" : "20260501120336"
  },
  "parametersMetadata" : {
    "metadata" : { }
  }
}#
#2026 05 01 12:03:48.982#Z#DEBUG#c8df2564-4555-11f1-8bc2-eeee0a96607a.OPERATION#flowable-async-job-executor-thread-26752#
[ProcessDescriptorStep] Merged descriptor properties and parameters resolved#
#2026 05 01 12:03:48.982#Z#DEBUG#c8df2564-4555-11f1-8bc2-eeee0a96607a.OPERATION#flowable-async-job-executor-thread-26752#
Step "Re-Process Descriptor Step" finished#
#2026 05 01 12:03:49.006#Z#DEBUG#c8df2564-4555-11f1-8bc2-eeee0a96607a.OPERATION#flowable-async-job-executor-thread-26752#
[BuildApplicationDeployModelStep] Executing task "buildApplicationDeployModelTask" of process "cff91545-4555-11f1-8bc2-eeee0a96607a"...#
#2026 05 01 12:03:49.008#Z#DEBUG#c8df2564-4555-11f1-8bc2-eeee0a96607a.OPERATION#flowable-async-job-executor-thread-26752#
[BuildApplicationDeployModelStep] Building cloud deployment model for application "backorder-history-db-deployer"...#
#2026 05 01 12:03:49.011#Z#DEBUG#c8df2564-4555-11f1-8bc2-eeee0a96607a.OPERATION#flowable-async-job-executor-thread-26752#
[BuildApplicationDeployModelStep] No health-check-type is specified. Setting default type: port#
#2026 05 01 12:03:49.012#Z#INFO#c8df2564-4555-11f1-8bc2-eeee0a96607a.OPERATION#flowable-async-job-executor-thread-26752#
[BuildApplicationDeployModelStep] Building configuration entries for org 994ae882trial, space dev, spaceId c51380c4-d99a-4d8c-a5f3-74fd0dd27165 and namespace null!#
#2026 05 01 12:03:49.013#Z#DEBUG#c8df2564-4555-11f1-8bc2-eeee0a96607a.OPERATION#flowable-async-job-executor-thread-26752#
[BuildApplicationDeployModelStep] Configuration entries to publish: [ ]#
#2026 05 01 12:03:49.013#Z#DEBUG#c8df2564-4555-11f1-8bc2-eeee0a96607a.OPERATION#flowable-async-job-executor-thread-26752#
[BuildApplicationDeployModelStep] Cloud deployment model for application built#
#2026 05 01 12:03:49.013#Z#DEBUG#c8df2564-4555-11f1-8bc2-eeee0a96607a.OPERATION#flowable-async-job-executor-thread-26752#
Step "Build Application Deploy Model" finished#
#2026 05 01 12:03:49.043#Z#DEBUG#c8df2564-4555-11f1-8bc2-eeee0a96607a.OPERATION#flowable-async-job-executor-thread-26752#
[CreateOrUpdateAppStep] Executing task "createAppTask" of process "cff91545-4555-11f1-8bc2-eeee0a96607a"...#
#2026 05 01 12:03:49.044#Z#DEBUG#c8df2564-4555-11f1-8bc2-eeee0a96607a.OPERATION#flowable-async-job-executor-thread-26752#
[CreateOrUpdateAppStep] Getting application "backorder-history-db-deployer"...#
#2026 05 01 12:03:49.082#Z#INFO#c8df2564-4555-11f1-8bc2-eeee0a96607a.OPERATION#flowable-async-job-executor-thread-26752#
[CreateOrUpdateAppStep] Updating application "backorder-history-db-deployer"...#
#2026 05 01 12:03:49.089#Z#DEBUG#c8df2564-4555-11f1-8bc2-eeee0a96607a.OPERATION#flowable-async-job-executor-thread-26752#
[CreateOrUpdateAppStep] Getting process for application "f3a667cb-a7f1-4bd3-8a4f-472dbd3ae857"...#
#2026 05 01 12:03:49.122#Z#DEBUG#c8df2564-4555-11f1-8bc2-eeee0a96607a.OPERATION#flowable-async-job-executor-thread-26752#
[CreateOrUpdateAppStep] Getting routes for application "f3a667cb-a7f1-4bd3-8a4f-472dbd3ae857"...#
#2026 05 01 12:03:49.151#Z#DEBUG#c8df2564-4555-11f1-8bc2-eeee0a96607a.OPERATION#flowable-async-job-executor-thread-26752#
[CreateOrUpdateAppStep] Getting features for application "f3a667cb-a7f1-4bd3-8a4f-472dbd3ae857"#
#2026 05 01 12:03:49.177#Z#DEBUG#c8df2564-4555-11f1-8bc2-eeee0a96607a.OPERATION#flowable-async-job-executor-thread-26752#
[CreateOrUpdateAppStep] Updating staging of application "backorder-history-db-deployer" to: {
  "isReadinessHealthCheckEnabled" : true,
  "buildpacks" : [ "nodejs_buildpack" ],
  "healthCheckType" : "port",
  "appFeatures" : { }
}#
#2026 05 01 12:03:49.369#Z#DEBUG#c8df2564-4555-11f1-8bc2-eeee0a96607a.OPERATION#flowable-async-job-executor-thread-26752#
[CreateOrUpdateAppStep] Application "backorder-history-db-deployer" updated#
#2026 05 01 12:03:49.369#Z#DEBUG#c8df2564-4555-11f1-8bc2-eeee0a96607a.OPERATION#flowable-async-job-executor-thread-26752#
[CreateOrUpdateAppStep] Getting environment of application "f3a667cb-a7f1-4bd3-8a4f-472dbd3ae857"...#
#2026 05 01 12:03:49.424#Z#DEBUG#c8df2564-4555-11f1-8bc2-eeee0a96607a.OPERATION#flowable-async-job-executor-thread-26752#
[CreateOrUpdateAppStep] Application "backorder-history-db-deployer" updated#
#2026 05 01 12:03:49.424#Z#DEBUG#c8df2564-4555-11f1-8bc2-eeee0a96607a.OPERATION#flowable-async-job-executor-thread-26752#
Step "Create App" finished#
#2026 05 01 12:03:49.767#Z#DEBUG#c8df2564-4555-11f1-8bc2-eeee0a96607a.OPERATION#flowable-async-job-executor-thread-10522#
[ProcessDescriptorStep] Executing task "reprocessDescriptorTask" of process "d06850a9-4555-11f1-a7f9-eeee0a89742b"...#
#2026 05 01 12:03:49.768#Z#DEBUG#c8df2564-4555-11f1-8bc2-eeee0a96607a.OPERATION#flowable-async-job-executor-thread-10522#
[ProcessDescriptorStep] Resolving properties and parameters in merged descriptor...#
#2026 05 01 12:03:49.773#Z#DEBUG#c8df2564-4555-11f1-8bc2-eeee0a96607a.OPERATION#flowable-async-job-executor-thread-10522#
[ProcessDescriptorStep] Subscriptions: [ ]#
#2026 05 01 12:03:49.784#Z#DEBUG#c8df2564-4555-11f1-8bc2-eeee0a96607a.OPERATION#flowable-async-job-executor-thread-10522#
[ProcessDescriptorStep] MTA modules: [backorder-history-srv, backorder-history-db-deployer, backorder-history-app]#
#2026 05 01 12:03:49.790#Z#DEBUG#c8df2564-4555-11f1-8bc2-eeee0a96607a.OPERATION#flowable-async-job-executor-thread-10522#
[ProcessDescriptorStep] Resolved deployment descriptor: {
  "majorSchemaVersion" : 3,
  "schemaVersion" : "3.3.0",
  "id" : "backorder-history",
  "version" : "1.0.0",
  "modules" : [ {
    "majorSchemaVersion" : 3,
    "name" : "backorder-history-srv",
    "type" : "javascript.nodejs",
    "path" : "backorder-history-srv",
    "properties" : { },
    "parameters" : {
      "default-url" : "https://994ae882trial-dev-backorder-history-srv.cfapps.us10-001.hana.ondemand.com",
      "default-app-name" : "backorder-history-srv",
      "generated-password" : "********",
      "default-live-url" : "https://994ae882trial-dev-backorder-history-srv.cfapps.us10-001.hana.ondemand.com",
      "default-uri" : "994ae882trial-dev-backorder-history-srv.cfapps.us10-001.hana.ondemand.com",
      "default-instances" : 1,
      "default-live-host" : "994ae882trial-dev-backorder-history-srv",
      "instances" : 1,
      "buildpack" : "nodejs_buildpack",
      "default-host" : "994ae882trial-dev-backorder-history-srv",
      "app-name" : "backorder-history-srv",
      "default-live-uri" : "994ae882trial-dev-backorder-history-srv.cfapps.us10-001.hana.ondemand.com",
      "protocol" : "https",
      "default-live-app-name" : "backorder-history-srv",
      "default-live-domain" : "cfapps.us10-001.hana.ondemand.com",
      "domain" : "cfapps.us10-001.hana.ondemand.com",
      "host" : "994ae882trial-dev-backorder-history-srv",
      "generated-user" : "********"
    },
    "requiredDependencies" : [ {
      "majorSchemaVersion" : 3,
      "name" : "backorder-db",
      "properties" : { },
      "parameters" : { },
      "propertiesMetadata" : {
        "metadata" : { }
      },
      "parametersMetadata" : {
        "metadata" : { }
      }
    }, {
      "majorSchemaVersion" : 3,
      "name" : "backorder-history-xsuaa",
      "properties" : { },
      "parameters" : { },
      "propertiesMetadata" : {
        "metadata" : { }
      },
      "parametersMetadata" : {
        "metadata" : { }
      }
    } ],
    "providedDependencies" : [ {
      "majorSchemaVersion" : 3,
      "name" : "srv-api",
      "isPublic" : false,
      "properties" : {
        "srv-url" : "https://994ae882trial-dev-backorder-history-srv.cfapps.us10-001.hana.ondemand.com"
      },
      "parameters" : { },
      "propertiesMetadata" : {
        "metadata" : { }
      },
      "parametersMetadata" : {
        "metadata" : { }
      }
    }, {
      "majorSchemaVersion" : 3,
      "name" : "backorder-history-srv",
      "isPublic" : false,
      "properties" : { },
      "parameters" : { },
      "propertiesMetadata" : {
        "metadata" : { }
      },
      "parametersMetadata" : {
        "metadata" : { }
      }
    } ],
    "propertiesMetadata" : {
      "metadata" : { }
    },
    "parametersMetadata" : {
      "metadata" : { }
    },
    "hooks" : [ ]
  }, {
    "majorSchemaVersion" : 3,
    "name" : "backorder-history-db-deployer",
    "type" : "com.sap.xs.hdi",
    "path" : "backorder-history-db-deployer",
    "properties" : {
      "EXIT" : 1
    },
    "parameters" : {
      "default-url" : "https://994ae882trial-dev-backorder-history-db-deployer.cfapps.us10-001.hana.ondemand.com",
      "default-app-name" : "backorder-history-db-deployer",
      "generated-password" : "********",
      "default-live-url" : "https://994ae882trial-dev-backorder-history-db-deployer.cfapps.us10-001.hana.ondemand.com",
      "default-uri" : "994ae882trial-dev-backorder-history-db-deployer.cfapps.us10-001.hana.ondemand.com",
      "memory" : "256M",
      "default-instances" : 1,
      "no-route" : true,
      "default-live-host" : "994ae882trial-dev-backorder-history-db-deployer",
      "instances" : 1,
      "buildpack" : "nodejs_buildpack",
      "default-host" : "994ae882trial-dev-backorder-history-db-deployer",
      "app-name" : "backorder-history-db-deployer",
      "default-live-uri" : "994ae882trial-dev-backorder-history-db-deployer.cfapps.us10-001.hana.ondemand.com",
      "protocol" : "https",
      "default-live-app-name" : "backorder-history-db-deployer",
      "default-live-domain" : "cfapps.us10-001.hana.ondemand.com",
      "dependency-type" : "hard",
      "domain" : "cfapps.us10-001.hana.ondemand.com",
      "host" : "994ae882trial-dev-backorder-history-db-deployer",
      "generated-user" : "********",
      "tasks" : [ {
        "command" : "npm start",
        "memory" : "256M",
        "name" : "deploy"
      } ],
      "no-start" : true
    },
    "requiredDependencies" : [ {
      "majorSchemaVersion" : 3,
      "name" : "backorder-db",
      "properties" : { },
      "parameters" : { },
      "propertiesMetadata" : {
        "metadata" : { }
      },
      "parametersMetadata" : {
        "metadata" : { }
      }
    } ],
    "providedDependencies" : [ {
      "majorSchemaVersion" : 3,
      "name" : "backorder-history-db-deployer",
      "isPublic" : false,
      "properties" : { },
      "parameters" : { },
      "propertiesMetadata" : {
        "metadata" : { }
      },
      "parametersMetadata" : {
        "metadata" : { }
      }
    } ],
    "propertiesMetadata" : {
      "metadata" : { }
    },
    "parametersMetadata" : {
      "metadata" : { }
    },
    "hooks" : [ ]
  }, {
    "majorSchemaVersion" : 3,
    "name" : "backorder-history-app",
    "type" : "javascript.nodejs",
    "path" : "backorder-history-app",
    "properties" : { },
    "parameters" : {
      "default-url" : "https://994ae882trial-dev-backorder-history-app.cfapps.us10-001.hana.ondemand.com",
      "default-app-name" : "backorder-history-app",
      "generated-password" : "********",
      "default-live-url" : "https://994ae882trial-dev-backorder-history-app.cfapps.us10-001.hana.ondemand.com",
      "default-uri" : "994ae882trial-dev-backorder-history-app.cfapps.us10-001.hana.ondemand.com",
      "memory" : "128M",
      "default-instances" : 1,
      "default-live-host" : "994ae882trial-dev-backorder-history-app",
      "instances" : 1,
      "default-host" : "994ae882trial-dev-backorder-history-app",
      "app-name" : "backorder-history-app",
      "default-live-uri" : "994ae882trial-dev-backorder-history-app.cfapps.us10-001.hana.ondemand.com",
      "protocol" : "https",
      "default-live-app-name" : "backorder-history-app",
      "default-live-domain" : "cfapps.us10-001.hana.ondemand.com",
      "disk-quota" : "256M",
      "domain" : "cfapps.us10-001.hana.ondemand.com",
      "host" : "994ae882trial-dev-backorder-history-app",
      "generated-user" : "********"
    },
    "requiredDependencies" : [ {
      "majorSchemaVersion" : 3,
      "name" : "srv-api",
      "group" : "destinations",
      "properties" : {
        "name" : "backorder-history-srv",
        "forwardAuthToken" : "********",
        "url" : "https://994ae882trial-dev-backorder-history-srv.cfapps.us10-001.hana.ondemand.com"
      },
      "parameters" : { },
      "propertiesMetadata" : {
        "metadata" : { }
      },
      "parametersMetadata" : {
        "metadata" : { }
      }
    }, {
      "majorSchemaVersion" : 3,
      "name" : "backorder-history-xsuaa",
      "properties" : { },
      "parameters" : { },
      "propertiesMetadata" : {
        "metadata" : { }
      },
      "parametersMetadata" : {
        "metadata" : { }
      }
    } ],
    "providedDependencies" : [ {
      "majorSchemaVersion" : 3,
      "name" : "backorder-history-app",
      "isPublic" : false,
      "properties" : { },
      "parameters" : { },
      "propertiesMetadata" : {
        "metadata" : { }
      },
      "parametersMetadata" : {
        "metadata" : { }
      }
    } ],
    "propertiesMetadata" : {
      "metadata" : { }
    },
    "parametersMetadata" : {
      "metadata" : { }
    },
    "hooks" : [ ]
  } ],
  "resources" : [ {
    "majorSchemaVersion" : 3,
    "name" : "backorder-db",
    "type" : "com.sap.xs.hdi-container",
    "properties" : { },
    "parameters" : {
      "generated-password" : "********",
      "service-name" : "backorder-db",
      "service-plan" : "hdi-shared",
      "existing-service" : "dev_project-db",
      "service" : "hana",
      "generated-user" : "********",
      "default-xsappname" : "backorder-db",
      "type" : "managed-service",
      "default-service-name" : "backorder-db",
      "default-container-name" : "994AE882TRIAL_DEV_BACKORDER_DB"
    },
    "isActive" : true,
    "isOptional" : false,
    "propertiesMetadata" : {
      "metadata" : { }
    },
    "parametersMetadata" : {
      "metadata" : { }
    },
    "requiredDependencies" : [ ],
    "processedAfter" : [ ]
  }, {
    "majorSchemaVersion" : 3,
    "name" : "backorder-history-xsuaa",
    "type" : "org.cloudfoundry.managed-service",
    "properties" : { },
    "parameters" : {
      "generated-password" : "********",
      "path" : "./xs-security.json",
      "service-name" : "backorder-history-xsuaa",
      "service-plan" : "application",
      "service" : "xsuaa",
      "generated-user" : "********",
      "default-xsappname" : "backorder-history-xsuaa",
      "type" : "managed-service",
      "default-service-name" : "backorder-history-xsuaa",
      "default-container-name" : "994AE882TRIAL_DEV_BACKORDER_HISTORY_XSUAA"
    },
    "isActive" : true,
    "isOptional" : false,
    "propertiesMetadata" : {
      "metadata" : { }
    },
    "parametersMetadata" : {
      "metadata" : { }
    },
    "requiredDependencies" : [ ],
    "processedAfter" : [ ]
  } ],
  "parameters" : {
    "mta-id" : "backorder-history",
    "authorization-url" : "********",
    "org-guid" : "1883dc8c-1327-4ff3-b311-d37148c9d798",
    "org" : "994ae882trial",
    "deploy-target" : "994ae882trial dev",
    "enable-parallel-deployments" : true,
    "region-primary-domain" : "us10.hana.ondemand.com",
    "space" : "dev",
    "region-domain" : "us10-001.hana.ondemand.com",
    "xs-api-url" : "https://api.cf.us10-001.hana.ondemand.com",
    "deploy-url" : "deploy-service.cfapps.us10-001.hana.ondemand.com",
    "xs-type" : "CF",
    "default-domain" : "cfapps.us10-001.hana.ondemand.com",
    "mta-version" : "1.0.0",
    "xs-auth-url" : "********",
    "space-guid" : "c51380c4-d99a-4d8c-a5f3-74fd0dd27165",
    "user" : "********",
    "controller-url" : "https://api.cf.us10-001.hana.ondemand.com",
    "timestamp" : "20260501120336"
  },
  "parametersMetadata" : {
    "metadata" : { }
  }
}#
#2026 05 01 12:03:49.790#Z#DEBUG#c8df2564-4555-11f1-8bc2-eeee0a96607a.OPERATION#flowable-async-job-executor-thread-10522#
[ProcessDescriptorStep] Merged descriptor properties and parameters resolved#
#2026 05 01 12:03:49.790#Z#DEBUG#c8df2564-4555-11f1-8bc2-eeee0a96607a.OPERATION#flowable-async-job-executor-thread-10522#
Step "Re-Process Descriptor Step" finished#
#2026 05 01 12:03:49.680#Z#DEBUG#c8df2564-4555-11f1-8bc2-eeee0a96607a.OPERATION#flowable-async-job-executor-thread-26752#
[CheckServiceBindingOperationStep] Executing task "checkForServiceBindingOperationInProgress" of process "d0612553-4555-11f1-8bc2-eeee0a96607a"...#
#2026 05 01 12:03:49.681#Z#DEBUG#c8df2564-4555-11f1-8bc2-eeee0a96607a.OPERATION#flowable-async-job-executor-thread-26752#
[CheckServiceBindingOperationStep] Checking for service binding operation in progress between app "backorder-history-db-deployer" and service instance "backorder-db"#
#2026 05 01 12:03:49.681#Z#DEBUG#c8df2564-4555-11f1-8bc2-eeee0a96607a.OPERATION#flowable-async-job-executor-thread-26752#
[CheckServiceBindingOperationStep] Getting application guid "backorder-history-db-deployer"...#
#2026 05 01 12:03:49.719#Z#DEBUG#c8df2564-4555-11f1-8bc2-eeee0a96607a.OPERATION#flowable-async-job-executor-thread-26752#
[CheckServiceBindingOperationStep] Getting GUID of required service instance "backorder-db"...#
#2026 05 01 12:03:49.749#Z#DEBUG#c8df2564-4555-11f1-8bc2-eeee0a96607a.OPERATION#flowable-async-job-executor-thread-26752#
[CheckServiceBindingOperationStep] Getting binding of service instance "1dc0a90f-458e-47db-8e7a-3427f56abe82" with application "f3a667cb-a7f1-4bd3-8a4f-472dbd3ae857"...#
#2026 05 01 12:03:49.793#Z#DEBUG#c8df2564-4555-11f1-8bc2-eeee0a96607a.OPERATION#flowable-async-job-executor-thread-26752#
[CheckServiceBindingOperationStep] Service binding operation "f92ddaad-d9f7-4e1d-9861-ed0abcb1145a" with type "create" is in state "succeeded"#
#2026 05 01 12:03:49.793#Z#DEBUG#c8df2564-4555-11f1-8bc2-eeee0a96607a.OPERATION#flowable-async-job-executor-thread-26752#
Step "Check For Service Binding Operation In Progress" finished#
#2026 05 01 12:03:49.868#Z#DEBUG#c8df2564-4555-11f1-8bc2-eeee0a96607a.OPERATION#flowable-async-job-executor-thread-10523#
[BuildApplicationDeployModelStep] Executing task "buildApplicationDeployModelTask" of process "d06850a9-4555-11f1-a7f9-eeee0a89742b"...#
#2026 05 01 12:03:49.874#Z#DEBUG#c8df2564-4555-11f1-8bc2-eeee0a96607a.OPERATION#flowable-async-job-executor-thread-10523#
[BuildApplicationDeployModelStep] Building cloud deployment model for application "backorder-history-srv"...#
#2026 05 01 12:03:49.881#Z#DEBUG#c8df2564-4555-11f1-8bc2-eeee0a96607a.OPERATION#flowable-async-job-executor-thread-10523#
[BuildApplicationDeployModelStep] No health-check-type is specified. Setting default type: port#
#2026 05 01 12:03:49.881#Z#INFO#c8df2564-4555-11f1-8bc2-eeee0a96607a.OPERATION#flowable-async-job-executor-thread-10523#
[BuildApplicationDeployModelStep] Building configuration entries for org 994ae882trial, space dev, spaceId c51380c4-d99a-4d8c-a5f3-74fd0dd27165 and namespace null!#
#2026 05 01 12:03:49.883#Z#DEBUG#c8df2564-4555-11f1-8bc2-eeee0a96607a.OPERATION#flowable-async-job-executor-thread-10523#
[BuildApplicationDeployModelStep] Configuration entries to publish: [ ]#
#2026 05 01 12:03:49.883#Z#DEBUG#c8df2564-4555-11f1-8bc2-eeee0a96607a.OPERATION#flowable-async-job-executor-thread-10523#
[BuildApplicationDeployModelStep] Cloud deployment model for application built#
#2026 05 01 12:03:49.883#Z#DEBUG#c8df2564-4555-11f1-8bc2-eeee0a96607a.OPERATION#flowable-async-job-executor-thread-10523#
Step "Build Application Deploy Model" finished#
#2026 05 01 12:03:49.822#Z#DEBUG#c8df2564-4555-11f1-8bc2-eeee0a96607a.OPERATION#flowable-async-job-executor-thread-26752#
[DetermineApplicationServiceBindingActionsStep] Executing task "determineApplicationServiceBindingActionsTask" of process "d0612553-4555-11f1-8bc2-eeee0a96607a"...#
#2026 05 01 12:03:49.824#Z#DEBUG#c8df2564-4555-11f1-8bc2-eeee0a96607a.OPERATION#flowable-async-job-executor-thread-26752#
[DetermineApplicationServiceBindingActionsStep] Determine bind/unbind operations of application "backorder-history-db-deployer" to service instance "backorder-db"#
#2026 05 01 12:03:49.824#Z#DEBUG#c8df2564-4555-11f1-8bc2-eeee0a96607a.OPERATION#flowable-async-job-executor-thread-26752#
[DetermineApplicationServiceBindingActionsStep] Getting application "backorder-history-db-deployer"...#
#2026 05 01 12:03:49.863#Z#DEBUG#c8df2564-4555-11f1-8bc2-eeee0a96607a.OPERATION#flowable-async-job-executor-thread-26752#
[DetermineApplicationServiceBindingActionsStep] Binding parameters for application "backorder-history-db-deployer": { }#
#2026 05 01 12:03:49.897#Z#DEBUG#c8df2564-4555-11f1-8bc2-eeee0a96607a.OPERATION#flowable-async-job-executor-thread-26752#
[DetermineApplicationServiceBindingActionsStep] Check should rebind application "backorder-history-db-deployer" and service instance "backorder-db"#
#2026 05 01 12:03:49.897#Z#DEBUG#c8df2564-4555-11f1-8bc2-eeee0a96607a.OPERATION#flowable-async-job-executor-thread-26752#
[DetermineApplicationServiceBindingActionsStep] Getting GUID of required service instance "backorder-db"...#
#2026 05 01 12:03:49.927#Z#DEBUG#c8df2564-4555-11f1-8bc2-eeee0a96607a.OPERATION#flowable-async-job-executor-thread-26752#
[DetermineApplicationServiceBindingActionsStep] Getting binding of service instance "1dc0a90f-458e-47db-8e7a-3427f56abe82" with application "f3a667cb-a7f1-4bd3-8a4f-472dbd3ae857"...#
#2026 05 01 12:03:49.960#Z#DEBUG#c8df2564-4555-11f1-8bc2-eeee0a96607a.OPERATION#flowable-async-job-executor-thread-26752#
[DetermineApplicationServiceBindingActionsStep] Getting parameters of service binding "f92ddaad-d9f7-4e1d-9861-ed0abcb1145a"...#
#2026 05 01 12:03:50.174#Z#INFO#c8df2564-4555-11f1-8bc2-eeee0a96607a.OPERATION#flowable-async-job-executor-thread-26752#
[DetermineApplicationServiceBindingActionsStep] Service instance "backorder-db" will not be rebound to application "backorder-history-db-deployer" because the binding parameters are not modified#
#2026 05 01 12:03:50.180#Z#DEBUG#c8df2564-4555-11f1-8bc2-eeee0a96607a.OPERATION#flowable-async-job-executor-thread-26752#
[DetermineApplicationServiceBindingActionsStep] Calculated binding operations between application "backorder-history-db-deployer" and service instance "backorder-db": unbind - false bind - false#
#2026 05 01 12:03:50.180#Z#DEBUG#c8df2564-4555-11f1-8bc2-eeee0a96607a.OPERATION#flowable-async-job-executor-thread-26752#
Step "Determine Application Service Binding Actions" finished#
#2026 05 01 12:03:50.263#Z#DEBUG#c8df2564-4555-11f1-8bc2-eeee0a96607a.OPERATION#flowable-async-job-executor-thread-26752#
[DetermineVcapServicesPropertiesChangedStep] Executing task "determineVcapServicesPropertiesChangedTask" of process "d0c4532f-4555-11f1-8bc2-eeee0a96607a"...#
#2026 05 01 12:03:50.264#Z#DEBUG#c8df2564-4555-11f1-8bc2-eeee0a96607a.OPERATION#flowable-async-job-executor-thread-26752#
[DetermineVcapServicesPropertiesChangedStep] VCAP_SERVICES properties for application "backorder-history-db-deployer" changed: false#
#2026 05 01 12:03:50.264#Z#DEBUG#c8df2564-4555-11f1-8bc2-eeee0a96607a.OPERATION#flowable-async-job-executor-thread-26752#
Step "Determine vcap services properties changed" finished#
#2026 05 01 12:03:50.289#Z#DEBUG#c8df2564-4555-11f1-8bc2-eeee0a96607a.OPERATION#flowable-async-job-executor-thread-26752#
[UploadAppStep] Executing task "uploadAppTask" of process "d0c4532f-4555-11f1-8bc2-eeee0a96607a"...#
#2026 05 01 12:03:50.289#Z#DEBUG#c8df2564-4555-11f1-8bc2-eeee0a96607a.OPERATION#flowable-async-job-executor-thread-26752#
[UploadAppStep] Application upload timeout is default one: 3,600 seconds#
#2026 05 01 12:03:50.290#Z#INFO#c8df2564-4555-11f1-8bc2-eeee0a96607a.OPERATION#flowable-async-job-executor-thread-26752#
[UploadAppStep] Uploading application "backorder-history-db-deployer"...#
#2026 05 01 12:03:50.296#Z#DEBUG#c8df2564-4555-11f1-8bc2-eeee0a96607a.OPERATION#flowable-async-job-executor-thread-26752#
[UploadAppStep] Getting application "backorder-history-db-deployer"...#
#2026 05 01 12:03:50.340#Z#DEBUG#c8df2564-4555-11f1-8bc2-eeee0a96607a.OPERATION#flowable-async-job-executor-thread-26752#
[UploadAppStep] Getting environment of application "f3a667cb-a7f1-4bd3-8a4f-472dbd3ae857"...#
#2026 05 01 12:03:50.388#Z#INFO#c8df2564-4555-11f1-8bc2-eeee0a96607a.OPERATION#flowable-async-job-executor-thread-26752#
[UploadAppStep] Calculating application digest: "backorder-history-db-deployer"#
#2026 05 01 12:03:50.456#Z#DEBUG#c8df2564-4555-11f1-8bc2-eeee0a96607a.OPERATION#flowable-async-job-executor-thread-26752#
Step "Upload App" finished#
#2026 05 01 12:03:49.950#Z#DEBUG#c8df2564-4555-11f1-8bc2-eeee0a96607a.OPERATION#flowable-async-job-executor-thread-10524#
[CreateOrUpdateAppStep] Executing task "createAppTask" of process "d06850a9-4555-11f1-a7f9-eeee0a89742b"...#
#2026 05 01 12:03:49.952#Z#DEBUG#c8df2564-4555-11f1-8bc2-eeee0a96607a.OPERATION#flowable-async-job-executor-thread-10524#
[CreateOrUpdateAppStep] Getting application "backorder-history-srv"...#
#2026 05 01 12:03:49.999#Z#INFO#c8df2564-4555-11f1-8bc2-eeee0a96607a.OPERATION#flowable-async-job-executor-thread-10524#
[CreateOrUpdateAppStep] Updating application "backorder-history-srv"...#
#2026 05 01 12:03:50.008#Z#DEBUG#c8df2564-4555-11f1-8bc2-eeee0a96607a.OPERATION#flowable-async-job-executor-thread-10524#
[CreateOrUpdateAppStep] Updating metadata of application "73ed2dc8-b263-4a3d-9470-8f8b426a9085" to: {
  "annotations" : {
    "mta_id" : "backorder-history",
    "mta_version" : "1.0.0",
    "mta_module" : "{\"name\":\"backorder-history-srv\"}",
    "mta_module_provided_dependencies" : "[]",
    "mta_bound_services" : "[\"backorder-db\",\"backorder-history-xsuaa\"]"
  },
  "labels" : {
    "mta_id" : "2a8116cd5454191867b4ccd652598f0d"
  }
}#
#2026 05 01 12:03:50.085#Z#DEBUG#c8df2564-4555-11f1-8bc2-eeee0a96607a.OPERATION#flowable-async-job-executor-thread-10524#
[CreateOrUpdateAppStep] Getting process for application "73ed2dc8-b263-4a3d-9470-8f8b426a9085"...#
#2026 05 01 12:03:50.122#Z#DEBUG#c8df2564-4555-11f1-8bc2-eeee0a96607a.OPERATION#flowable-async-job-executor-thread-10524#
[CreateOrUpdateAppStep] Getting routes for application "73ed2dc8-b263-4a3d-9470-8f8b426a9085"...#
#2026 05 01 12:03:50.167#Z#DEBUG#c8df2564-4555-11f1-8bc2-eeee0a96607a.OPERATION#flowable-async-job-executor-thread-10524#
[CreateOrUpdateAppStep] Getting features for application "73ed2dc8-b263-4a3d-9470-8f8b426a9085"#
#2026 05 01 12:03:50.197#Z#DEBUG#c8df2564-4555-11f1-8bc2-eeee0a96607a.OPERATION#flowable-async-job-executor-thread-10524#
[CreateOrUpdateAppStep] Updating staging of application "backorder-history-srv" to: {
  "isReadinessHealthCheckEnabled" : true,
  "buildpacks" : [ "nodejs_buildpack" ],
  "healthCheckType" : "port",
  "appFeatures" : { }
}#
#2026 05 01 12:03:50.404#Z#DEBUG#c8df2564-4555-11f1-8bc2-eeee0a96607a.OPERATION#flowable-async-job-executor-thread-10524#
[CreateOrUpdateAppStep] Application "backorder-history-srv" updated#
#2026 05 01 12:03:50.404#Z#DEBUG#c8df2564-4555-11f1-8bc2-eeee0a96607a.OPERATION#flowable-async-job-executor-thread-10524#
[CreateOrUpdateAppStep] Getting environment of application "73ed2dc8-b263-4a3d-9470-8f8b426a9085"...#
#2026 05 01 12:03:50.470#Z#DEBUG#c8df2564-4555-11f1-8bc2-eeee0a96607a.OPERATION#flowable-async-job-executor-thread-10524#
[CreateOrUpdateAppStep] Application "backorder-history-srv" updated#
#2026 05 01 12:03:50.470#Z#DEBUG#c8df2564-4555-11f1-8bc2-eeee0a96607a.OPERATION#flowable-async-job-executor-thread-10524#
Step "Create App" finished#
#2026 05 01 12:03:50.600#Z#DEBUG#c8df2564-4555-11f1-8bc2-eeee0a96607a.OPERATION#flowable-async-job-executor-thread-10527#
[CheckServiceBindingOperationStep] Executing task "checkForServiceBindingOperationInProgress" of process "d0f500a1-4555-11f1-a7f9-eeee0a89742b"...#
#2026 05 01 12:03:50.600#Z#DEBUG#c8df2564-4555-11f1-8bc2-eeee0a96607a.OPERATION#flowable-async-job-executor-thread-10527#
[CheckServiceBindingOperationStep] Checking for service binding operation in progress between app "backorder-history-srv" and service instance "backorder-db"#
#2026 05 01 12:03:50.601#Z#DEBUG#c8df2564-4555-11f1-8bc2-eeee0a96607a.OPERATION#flowable-async-job-executor-thread-10527#
[CheckServiceBindingOperationStep] Getting application guid "backorder-history-srv"...#
#2026 05 01 12:03:50.650#Z#DEBUG#c8df2564-4555-11f1-8bc2-eeee0a96607a.OPERATION#flowable-async-job-executor-thread-10527#
[CheckServiceBindingOperationStep] Getting GUID of required service instance "backorder-db"...#
#2026 05 01 12:03:50.676#Z#DEBUG#c8df2564-4555-11f1-8bc2-eeee0a96607a.OPERATION#flowable-async-job-executor-thread-10527#
[CheckServiceBindingOperationStep] Getting binding of service instance "1dc0a90f-458e-47db-8e7a-3427f56abe82" with application "73ed2dc8-b263-4a3d-9470-8f8b426a9085"...#
#2026 05 01 12:03:50.711#Z#DEBUG#c8df2564-4555-11f1-8bc2-eeee0a96607a.OPERATION#flowable-async-job-executor-thread-10527#
[CheckServiceBindingOperationStep] Service binding operation "ec79f529-6ee8-4df8-856a-b5e32b4e6b2b" with type "create" is in state "succeeded"#
#2026 05 01 12:03:50.711#Z#DEBUG#c8df2564-4555-11f1-8bc2-eeee0a96607a.OPERATION#flowable-async-job-executor-thread-10527#
Step "Check For Service Binding Operation In Progress" finished#
#2026 05 01 12:03:50.749#Z#DEBUG#c8df2564-4555-11f1-8bc2-eeee0a96607a.OPERATION#flowable-async-job-executor-thread-10527#
[DetermineApplicationServiceBindingActionsStep] Executing task "determineApplicationServiceBindingActionsTask" of process "d0f500a1-4555-11f1-a7f9-eeee0a89742b"...#
#2026 05 01 12:03:50.752#Z#DEBUG#c8df2564-4555-11f1-8bc2-eeee0a96607a.OPERATION#flowable-async-job-executor-thread-10527#
[DetermineApplicationServiceBindingActionsStep] Determine bind/unbind operations of application "backorder-history-srv" to service instance "backorder-db"#
#2026 05 01 12:03:50.752#Z#DEBUG#c8df2564-4555-11f1-8bc2-eeee0a96607a.OPERATION#flowable-async-job-executor-thread-10527#
[DetermineApplicationServiceBindingActionsStep] Getting application "backorder-history-srv"...#
#2026 05 01 12:03:50.793#Z#DEBUG#c8df2564-4555-11f1-8bc2-eeee0a96607a.OPERATION#flowable-async-job-executor-thread-10527#
[DetermineApplicationServiceBindingActionsStep] Binding parameters for application "backorder-history-srv": { }#
#2026 05 01 12:03:50.832#Z#DEBUG#c8df2564-4555-11f1-8bc2-eeee0a96607a.OPERATION#flowable-async-job-executor-thread-10527#
[DetermineApplicationServiceBindingActionsStep] Check should rebind application "backorder-history-srv" and service instance "backorder-db"#
#2026 05 01 12:03:50.832#Z#DEBUG#c8df2564-4555-11f1-8bc2-eeee0a96607a.OPERATION#flowable-async-job-executor-thread-10527#
[DetermineApplicationServiceBindingActionsStep] Getting GUID of required service instance "backorder-db"...#
#2026 05 01 12:03:50.860#Z#DEBUG#c8df2564-4555-11f1-8bc2-eeee0a96607a.OPERATION#flowable-async-job-executor-thread-10527#
[DetermineApplicationServiceBindingActionsStep] Getting binding of service instance "1dc0a90f-458e-47db-8e7a-3427f56abe82" with application "73ed2dc8-b263-4a3d-9470-8f8b426a9085"...#
#2026 05 01 12:03:50.888#Z#DEBUG#c8df2564-4555-11f1-8bc2-eeee0a96607a.OPERATION#flowable-async-job-executor-thread-10527#
[DetermineApplicationServiceBindingActionsStep] Getting parameters of service binding "ec79f529-6ee8-4df8-856a-b5e32b4e6b2b"...#
#2026 05 01 12:03:51.053#Z#INFO#c8df2564-4555-11f1-8bc2-eeee0a96607a.OPERATION#flowable-async-job-executor-thread-10527#
[DetermineApplicationServiceBindingActionsStep] Service instance "backorder-db" will not be rebound to application "backorder-history-srv" because the binding parameters are not modified#
#2026 05 01 12:03:51.068#Z#DEBUG#c8df2564-4555-11f1-8bc2-eeee0a96607a.OPERATION#flowable-async-job-executor-thread-10527#
[DetermineApplicationServiceBindingActionsStep] Calculated binding operations between application "backorder-history-srv" and service instance "backorder-db": unbind - false bind - false#
#2026 05 01 12:03:51.068#Z#DEBUG#c8df2564-4555-11f1-8bc2-eeee0a96607a.OPERATION#flowable-async-job-executor-thread-10527#
Step "Determine Application Service Binding Actions" finished#
#2026 05 01 12:03:51.797#Z#DEBUG#c8df2564-4555-11f1-8bc2-eeee0a96607a.OPERATION#flowable-async-job-executor-thread-26750#
[ProcessDescriptorStep] Executing task "reprocessDescriptorTask" of process "d1a90edd-4555-11f1-8bc2-eeee0a96607a"...#
#2026 05 01 12:03:51.797#Z#DEBUG#c8df2564-4555-11f1-8bc2-eeee0a96607a.OPERATION#flowable-async-job-executor-thread-26750#
[ProcessDescriptorStep] Resolving properties and parameters in merged descriptor...#
#2026 05 01 12:03:51.799#Z#DEBUG#c8df2564-4555-11f1-8bc2-eeee0a96607a.OPERATION#flowable-async-job-executor-thread-26750#
[ProcessDescriptorStep] Subscriptions: [ ]#
#2026 05 01 12:03:51.804#Z#DEBUG#c8df2564-4555-11f1-8bc2-eeee0a96607a.OPERATION#flowable-async-job-executor-thread-26750#
[ProcessDescriptorStep] MTA modules: [backorder-history-srv, backorder-history-db-deployer, backorder-history-app]#
#2026 05 01 12:03:51.806#Z#DEBUG#c8df2564-4555-11f1-8bc2-eeee0a96607a.OPERATION#flowable-async-job-executor-thread-26750#
[ProcessDescriptorStep] Resolved deployment descriptor: {
  "majorSchemaVersion" : 3,
  "schemaVersion" : "3.3.0",
  "id" : "backorder-history",
  "version" : "1.0.0",
  "modules" : [ {
    "majorSchemaVersion" : 3,
    "name" : "backorder-history-srv",
    "type" : "javascript.nodejs",
    "path" : "backorder-history-srv",
    "properties" : { },
    "parameters" : {
      "default-url" : "https://994ae882trial-dev-backorder-history-srv.cfapps.us10-001.hana.ondemand.com",
      "default-app-name" : "backorder-history-srv",
      "generated-password" : "********",
      "default-live-url" : "https://994ae882trial-dev-backorder-history-srv.cfapps.us10-001.hana.ondemand.com",
      "default-uri" : "994ae882trial-dev-backorder-history-srv.cfapps.us10-001.hana.ondemand.com",
      "default-instances" : 1,
      "default-live-host" : "994ae882trial-dev-backorder-history-srv",
      "instances" : 1,
      "buildpack" : "nodejs_buildpack",
      "default-host" : "994ae882trial-dev-backorder-history-srv",
      "app-name" : "backorder-history-srv",
      "default-live-uri" : "994ae882trial-dev-backorder-history-srv.cfapps.us10-001.hana.ondemand.com",
      "protocol" : "https",
      "default-live-app-name" : "backorder-history-srv",
      "default-live-domain" : "cfapps.us10-001.hana.ondemand.com",
      "domain" : "cfapps.us10-001.hana.ondemand.com",
      "host" : "994ae882trial-dev-backorder-history-srv",
      "generated-user" : "********"
    },
    "requiredDependencies" : [ {
      "majorSchemaVersion" : 3,
      "name" : "backorder-db",
      "properties" : { },
      "parameters" : { },
      "propertiesMetadata" : {
        "metadata" : { }
      },
      "parametersMetadata" : {
        "metadata" : { }
      }
    }, {
      "majorSchemaVersion" : 3,
      "name" : "backorder-history-xsuaa",
      "properties" : { },
      "parameters" : { },
      "propertiesMetadata" : {
        "metadata" : { }
      },
      "parametersMetadata" : {
        "metadata" : { }
      }
    } ],
    "providedDependencies" : [ {
      "majorSchemaVersion" : 3,
      "name" : "srv-api",
      "isPublic" : false,
      "properties" : {
        "srv-url" : "https://994ae882trial-dev-backorder-history-srv.cfapps.us10-001.hana.ondemand.com"
      },
      "parameters" : { },
      "propertiesMetadata" : {
        "metadata" : { }
      },
      "parametersMetadata" : {
        "metadata" : { }
      }
    }, {
      "majorSchemaVersion" : 3,
      "name" : "backorder-history-srv",
      "isPublic" : false,
      "properties" : { },
      "parameters" : { },
      "propertiesMetadata" : {
        "metadata" : { }
      },
      "parametersMetadata" : {
        "metadata" : { }
      }
    } ],
    "propertiesMetadata" : {
      "metadata" : { }
    },
    "parametersMetadata" : {
      "metadata" : { }
    },
    "hooks" : [ ]
  }, {
    "majorSchemaVersion" : 3,
    "name" : "backorder-history-db-deployer",
    "type" : "com.sap.xs.hdi",
    "path" : "backorder-history-db-deployer",
    "properties" : {
      "EXIT" : 1
    },
    "parameters" : {
      "default-url" : "https://994ae882trial-dev-backorder-history-db-deployer.cfapps.us10-001.hana.ondemand.com",
      "default-app-name" : "backorder-history-db-deployer",
      "generated-password" : "********",
      "default-live-url" : "https://994ae882trial-dev-backorder-history-db-deployer.cfapps.us10-001.hana.ondemand.com",
      "default-uri" : "994ae882trial-dev-backorder-history-db-deployer.cfapps.us10-001.hana.ondemand.com",
      "memory" : "256M",
      "default-instances" : 1,
      "no-route" : true,
      "default-live-host" : "994ae882trial-dev-backorder-history-db-deployer",
      "instances" : 1,
      "buildpack" : "nodejs_buildpack",
      "default-host" : "994ae882trial-dev-backorder-history-db-deployer",
      "app-name" : "backorder-history-db-deployer",
      "default-live-uri" : "994ae882trial-dev-backorder-history-db-deployer.cfapps.us10-001.hana.ondemand.com",
      "protocol" : "https",
      "default-live-app-name" : "backorder-history-db-deployer",
      "default-live-domain" : "cfapps.us10-001.hana.ondemand.com",
      "dependency-type" : "hard",
      "domain" : "cfapps.us10-001.hana.ondemand.com",
      "host" : "994ae882trial-dev-backorder-history-db-deployer",
      "generated-user" : "********",
      "tasks" : [ {
        "command" : "npm start",
        "memory" : "256M",
        "name" : "deploy"
      } ],
      "no-start" : true
    },
    "requiredDependencies" : [ {
      "majorSchemaVersion" : 3,
      "name" : "backorder-db",
      "properties" : { },
      "parameters" : { },
      "propertiesMetadata" : {
        "metadata" : { }
      },
      "parametersMetadata" : {
        "metadata" : { }
      }
    } ],
    "providedDependencies" : [ {
      "majorSchemaVersion" : 3,
      "name" : "backorder-history-db-deployer",
      "isPublic" : false,
      "properties" : { },
      "parameters" : { },
      "propertiesMetadata" : {
        "metadata" : { }
      },
      "parametersMetadata" : {
        "metadata" : { }
      }
    } ],
    "propertiesMetadata" : {
      "metadata" : { }
    },
    "parametersMetadata" : {
      "metadata" : { }
    },
    "hooks" : [ ]
  }, {
    "majorSchemaVersion" : 3,
    "name" : "backorder-history-app",
    "type" : "javascript.nodejs",
    "path" : "backorder-history-app",
    "properties" : { },
    "parameters" : {
      "default-url" : "https://994ae882trial-dev-backorder-history-app.cfapps.us10-001.hana.ondemand.com",
      "default-app-name" : "backorder-history-app",
      "generated-password" : "********",
      "default-live-url" : "https://994ae882trial-dev-backorder-history-app.cfapps.us10-001.hana.ondemand.com",
      "default-uri" : "994ae882trial-dev-backorder-history-app.cfapps.us10-001.hana.ondemand.com",
      "memory" : "128M",
      "default-instances" : 1,
      "default-live-host" : "994ae882trial-dev-backorder-history-app",
      "instances" : 1,
      "default-host" : "994ae882trial-dev-backorder-history-app",
      "app-name" : "backorder-history-app",
      "default-live-uri" : "994ae882trial-dev-backorder-history-app.cfapps.us10-001.hana.ondemand.com",
      "protocol" : "https",
      "default-live-app-name" : "backorder-history-app",
      "default-live-domain" : "cfapps.us10-001.hana.ondemand.com",
      "disk-quota" : "256M",
      "domain" : "cfapps.us10-001.hana.ondemand.com",
      "host" : "994ae882trial-dev-backorder-history-app",
      "generated-user" : "********"
    },
    "requiredDependencies" : [ {
      "majorSchemaVersion" : 3,
      "name" : "srv-api",
      "group" : "destinations",
      "properties" : {
        "name" : "backorder-history-srv",
        "forwardAuthToken" : "********",
        "url" : "https://994ae882trial-dev-backorder-history-srv.cfapps.us10-001.hana.ondemand.com"
      },
      "parameters" : { },
      "propertiesMetadata" : {
        "metadata" : { }
      },
      "parametersMetadata" : {
        "metadata" : { }
      }
    }, {
      "majorSchemaVersion" : 3,
      "name" : "backorder-history-xsuaa",
      "properties" : { },
      "parameters" : { },
      "propertiesMetadata" : {
        "metadata" : { }
      },
      "parametersMetadata" : {
        "metadata" : { }
      }
    } ],
    "providedDependencies" : [ {
      "majorSchemaVersion" : 3,
      "name" : "backorder-history-app",
      "isPublic" : false,
      "properties" : { },
      "parameters" : { },
      "propertiesMetadata" : {
        "metadata" : { }
      },
      "parametersMetadata" : {
        "metadata" : { }
      }
    } ],
    "propertiesMetadata" : {
      "metadata" : { }
    },
    "parametersMetadata" : {
      "metadata" : { }
    },
    "hooks" : [ ]
  } ],
  "resources" : [ {
    "majorSchemaVersion" : 3,
    "name" : "backorder-db",
    "type" : "com.sap.xs.hdi-container",
    "properties" : { },
    "parameters" : {
      "generated-password" : "********",
      "service-name" : "backorder-db",
      "service-plan" : "hdi-shared",
      "existing-service" : "dev_project-db",
      "service" : "hana",
      "generated-user" : "********",
      "default-xsappname" : "backorder-db",
      "type" : "managed-service",
      "default-service-name" : "backorder-db",
      "default-container-name" : "994AE882TRIAL_DEV_BACKORDER_DB"
    },
    "isActive" : true,
    "isOptional" : false,
    "propertiesMetadata" : {
      "metadata" : { }
    },
    "parametersMetadata" : {
      "metadata" : { }
    },
    "requiredDependencies" : [ ],
    "processedAfter" : [ ]
  }, {
    "majorSchemaVersion" : 3,
    "name" : "backorder-history-xsuaa",
    "type" : "org.cloudfoundry.managed-service",
    "properties" : { },
    "parameters" : {
      "generated-password" : "********",
      "path" : "./xs-security.json",
      "service-name" : "backorder-history-xsuaa",
      "service-plan" : "application",
      "service" : "xsuaa",
      "generated-user" : "********",
      "default-xsappname" : "backorder-history-xsuaa",
      "type" : "managed-service",
      "default-service-name" : "backorder-history-xsuaa",
      "default-container-name" : "994AE882TRIAL_DEV_BACKORDER_HISTORY_XSUAA"
    },
    "isActive" : true,
    "isOptional" : false,
    "propertiesMetadata" : {
      "metadata" : { }
    },
    "parametersMetadata" : {
      "metadata" : { }
    },
    "requiredDependencies" : [ ],
    "processedAfter" : [ ]
  } ],
  "parameters" : {
    "mta-id" : "backorder-history",
    "authorization-url" : "********",
    "org-guid" : "1883dc8c-1327-4ff3-b311-d37148c9d798",
    "org" : "994ae882trial",
    "deploy-target" : "994ae882trial dev",
    "enable-parallel-deployments" : true,
    "region-primary-domain" : "us10.hana.ondemand.com",
    "space" : "dev",
    "region-domain" : "us10-001.hana.ondemand.com",
    "xs-api-url" : "https://api.cf.us10-001.hana.ondemand.com",
    "deploy-url" : "deploy-service.cfapps.us10-001.hana.ondemand.com",
    "xs-type" : "CF",
    "default-domain" : "cfapps.us10-001.hana.ondemand.com",
    "mta-version" : "1.0.0",
    "xs-auth-url" : "********",
    "space-guid" : "c51380c4-d99a-4d8c-a5f3-74fd0dd27165",
    "user" : "********",
    "controller-url" : "https://api.cf.us10-001.hana.ondemand.com",
    "timestamp" : "20260501120336"
  },
  "parametersMetadata" : {
    "metadata" : { }
  }
}#
#2026 05 01 12:03:51.806#Z#DEBUG#c8df2564-4555-11f1-8bc2-eeee0a96607a.OPERATION#flowable-async-job-executor-thread-26750#
[ProcessDescriptorStep] Merged descriptor properties and parameters resolved#
#2026 05 01 12:03:51.806#Z#DEBUG#c8df2564-4555-11f1-8bc2-eeee0a96607a.OPERATION#flowable-async-job-executor-thread-26750#
Step "Re-Process Descriptor Step" finished#
#2026 05 01 12:03:51.833#Z#DEBUG#c8df2564-4555-11f1-8bc2-eeee0a96607a.OPERATION#flowable-async-job-executor-thread-26750#
[BuildApplicationDeployModelStep] Executing task "buildApplicationDeployModelTask" of process "d1a90edd-4555-11f1-8bc2-eeee0a96607a"...#
#2026 05 01 12:03:51.835#Z#DEBUG#c8df2564-4555-11f1-8bc2-eeee0a96607a.OPERATION#flowable-async-job-executor-thread-26750#
[BuildApplicationDeployModelStep] Building cloud deployment model for application "backorder-history-app"...#
#2026 05 01 12:03:51.840#Z#DEBUG#c8df2564-4555-11f1-8bc2-eeee0a96607a.OPERATION#flowable-async-job-executor-thread-26750#
[BuildApplicationDeployModelStep] No health-check-type is specified. Setting default type: port#
#2026 05 01 12:03:51.840#Z#INFO#c8df2564-4555-11f1-8bc2-eeee0a96607a.OPERATION#flowable-async-job-executor-thread-26750#
[BuildApplicationDeployModelStep] Building configuration entries for org 994ae882trial, space dev, spaceId c51380c4-d99a-4d8c-a5f3-74fd0dd27165 and namespace null!#
#2026 05 01 12:03:51.841#Z#DEBUG#c8df2564-4555-11f1-8bc2-eeee0a96607a.OPERATION#flowable-async-job-executor-thread-26750#
[BuildApplicationDeployModelStep] Configuration entries to publish: [ ]#
#2026 05 01 12:03:51.841#Z#DEBUG#c8df2564-4555-11f1-8bc2-eeee0a96607a.OPERATION#flowable-async-job-executor-thread-26750#
[BuildApplicationDeployModelStep] Cloud deployment model for application built#
#2026 05 01 12:03:51.841#Z#DEBUG#c8df2564-4555-11f1-8bc2-eeee0a96607a.OPERATION#flowable-async-job-executor-thread-26750#
Step "Build Application Deploy Model" finished#
#2026 05 01 12:03:51.771#Z#DEBUG#c8df2564-4555-11f1-8bc2-eeee0a96607a.OPERATION#flowable-async-job-executor-thread-26756#
[CheckServiceBindingOperationStep] Executing task "checkForServiceBindingOperationInProgress" of process "d1a787a2-4555-11f1-8bc2-eeee0a96607a"...#
#2026 05 01 12:03:51.771#Z#DEBUG#c8df2564-4555-11f1-8bc2-eeee0a96607a.OPERATION#flowable-async-job-executor-thread-26756#
[CheckServiceBindingOperationStep] Checking for service binding operation in progress between app "backorder-history-srv" and service instance "backorder-history-xsuaa"#
#2026 05 01 12:03:51.772#Z#DEBUG#c8df2564-4555-11f1-8bc2-eeee0a96607a.OPERATION#flowable-async-job-executor-thread-26756#
[CheckServiceBindingOperationStep] Getting application guid "backorder-history-srv"...#
#2026 05 01 12:03:51.809#Z#DEBUG#c8df2564-4555-11f1-8bc2-eeee0a96607a.OPERATION#flowable-async-job-executor-thread-26756#
[CheckServiceBindingOperationStep] Getting GUID of required service instance "backorder-history-xsuaa"...#
#2026 05 01 12:03:51.841#Z#DEBUG#c8df2564-4555-11f1-8bc2-eeee0a96607a.OPERATION#flowable-async-job-executor-thread-26756#
[CheckServiceBindingOperationStep] Getting binding of service instance "f9b93cc1-81ce-4481-97d2-7edbc152cc39" with application "73ed2dc8-b263-4a3d-9470-8f8b426a9085"...#
#2026 05 01 12:03:51.867#Z#DEBUG#c8df2564-4555-11f1-8bc2-eeee0a96607a.OPERATION#flowable-async-job-executor-thread-26756#
Step "Check For Service Binding Operation In Progress" finished#
#2026 05 01 12:03:51.893#Z#DEBUG#c8df2564-4555-11f1-8bc2-eeee0a96607a.OPERATION#flowable-async-job-executor-thread-26756#
[DetermineApplicationServiceBindingActionsStep] Executing task "determineApplicationServiceBindingActionsTask" of process "d1a787a2-4555-11f1-8bc2-eeee0a96607a"...#
#2026 05 01 12:03:51.895#Z#DEBUG#c8df2564-4555-11f1-8bc2-eeee0a96607a.OPERATION#flowable-async-job-executor-thread-26756#
[DetermineApplicationServiceBindingActionsStep] Determine bind/unbind operations of application "backorder-history-srv" to service instance "backorder-history-xsuaa"#
#2026 05 01 12:03:51.895#Z#DEBUG#c8df2564-4555-11f1-8bc2-eeee0a96607a.OPERATION#flowable-async-job-executor-thread-26756#
[DetermineApplicationServiceBindingActionsStep] Getting application "backorder-history-srv"...#
#2026 05 01 12:03:51.932#Z#DEBUG#c8df2564-4555-11f1-8bc2-eeee0a96607a.OPERATION#flowable-async-job-executor-thread-26756#
[DetermineApplicationServiceBindingActionsStep] Binding parameters for application "backorder-history-srv": { }#
#2026 05 01 12:03:51.963#Z#DEBUG#c8df2564-4555-11f1-8bc2-eeee0a96607a.OPERATION#flowable-async-job-executor-thread-26756#
[DetermineApplicationServiceBindingActionsStep] Calculated binding operations between application "backorder-history-srv" and service instance "backorder-history-xsuaa": unbind - false bind - true#
#2026 05 01 12:03:51.963#Z#DEBUG#c8df2564-4555-11f1-8bc2-eeee0a96607a.OPERATION#flowable-async-job-executor-thread-26756#
Step "Determine Application Service Binding Actions" finished#
#2026 05 01 12:03:51.996#Z#DEBUG#c8df2564-4555-11f1-8bc2-eeee0a96607a.OPERATION#flowable-async-job-executor-thread-26756#
[BindServiceToApplicationStep] Executing task "bindServiceToApplicationTask" of process "d1a787a2-4555-11f1-8bc2-eeee0a96607a"...#
#2026 05 01 12:03:51.999#Z#INFO#c8df2564-4555-11f1-8bc2-eeee0a96607a.OPERATION#flowable-async-job-executor-thread-26756#
[BindServiceToApplicationStep] Binding service instance "backorder-history-xsuaa" to application "backorder-history-srv"...#
#2026 05 01 12:03:52.005#Z#DEBUG#c8df2564-4555-11f1-8bc2-eeee0a96607a.OPERATION#flowable-async-job-executor-thread-26756#
[BindServiceToApplicationStep] Binding service instance "backorder-history-xsuaa" to application "backorder-history-srv" with parameters: { }#
#2026 05 01 12:03:52.137#Z#DEBUG#c8df2564-4555-11f1-8bc2-eeee0a96607a.OPERATION#flowable-async-job-executor-thread-26756#
Step "Bind Service to Application" finished#
#2026 05 01 12:03:51.871#Z#DEBUG#c8df2564-4555-11f1-8bc2-eeee0a96607a.OPERATION#flowable-async-job-executor-thread-26750#
[CreateOrUpdateAppStep] Executing task "createAppTask" of process "d1a90edd-4555-11f1-8bc2-eeee0a96607a"...#
#2026 05 01 12:03:51.872#Z#DEBUG#c8df2564-4555-11f1-8bc2-eeee0a96607a.OPERATION#flowable-async-job-executor-thread-26750#
[CreateOrUpdateAppStep] Getting application "backorder-history-app"...#
#2026 05 01 12:03:51.911#Z#INFO#c8df2564-4555-11f1-8bc2-eeee0a96607a.OPERATION#flowable-async-job-executor-thread-26750#
[CreateOrUpdateAppStep] Updating application "backorder-history-app"...#
#2026 05 01 12:03:51.916#Z#DEBUG#c8df2564-4555-11f1-8bc2-eeee0a96607a.OPERATION#flowable-async-job-executor-thread-26750#
[CreateOrUpdateAppStep] Updating metadata of application "876be8d1-9913-44ab-8f26-ed3ed370fa88" to: {
  "annotations" : {
    "mta_id" : "backorder-history",
    "mta_version" : "1.0.0",
    "mta_module" : "{\"name\":\"backorder-history-app\"}",
    "mta_module_provided_dependencies" : "[]",
    "mta_bound_services" : "[\"backorder-history-xsuaa\"]"
  },
  "labels" : {
    "mta_id" : "2a8116cd5454191867b4ccd652598f0d"
  }
}#
#2026 05 01 12:03:51.982#Z#DEBUG#c8df2564-4555-11f1-8bc2-eeee0a96607a.OPERATION#flowable-async-job-executor-thread-26750#
[CreateOrUpdateAppStep] Getting process for application "876be8d1-9913-44ab-8f26-ed3ed370fa88"...#
#2026 05 01 12:03:52.019#Z#DEBUG#c8df2564-4555-11f1-8bc2-eeee0a96607a.OPERATION#flowable-async-job-executor-thread-26750#
[CreateOrUpdateAppStep] Getting routes for application "876be8d1-9913-44ab-8f26-ed3ed370fa88"...#
#2026 05 01 12:03:52.064#Z#DEBUG#c8df2564-4555-11f1-8bc2-eeee0a96607a.OPERATION#flowable-async-job-executor-thread-26750#
[CreateOrUpdateAppStep] Getting features for application "876be8d1-9913-44ab-8f26-ed3ed370fa88"#
#2026 05 01 12:03:52.088#Z#DEBUG#c8df2564-4555-11f1-8bc2-eeee0a96607a.OPERATION#flowable-async-job-executor-thread-26750#
[CreateOrUpdateAppStep] Updating staging of application "backorder-history-app" to: {
  "isReadinessHealthCheckEnabled" : true,
  "buildpacks" : [ ],
  "healthCheckType" : "port",
  "appFeatures" : { }
}#
#2026 05 01 12:03:52.278#Z#DEBUG#c8df2564-4555-11f1-8bc2-eeee0a96607a.OPERATION#flowable-async-job-executor-thread-26750#
[CreateOrUpdateAppStep] Updating memory of application "backorder-history-app" to: 128#
#2026 05 01 12:03:52.401#Z#DEBUG#c8df2564-4555-11f1-8bc2-eeee0a96607a.OPERATION#flowable-async-job-executor-thread-26750#
[CreateOrUpdateAppStep] Updating disk quota of application "backorder-history-app" to: 256#
#2026 05 01 12:03:52.518#Z#DEBUG#c8df2564-4555-11f1-8bc2-eeee0a96607a.OPERATION#flowable-async-job-executor-thread-26750#
[CreateOrUpdateAppStep] Application "backorder-history-app" updated#
#2026 05 01 12:03:52.518#Z#DEBUG#c8df2564-4555-11f1-8bc2-eeee0a96607a.OPERATION#flowable-async-job-executor-thread-26750#
[CreateOrUpdateAppStep] Getting environment of application "876be8d1-9913-44ab-8f26-ed3ed370fa88"...#
#2026 05 01 12:03:52.549#Z#DEBUG#c8df2564-4555-11f1-8bc2-eeee0a96607a.OPERATION#flowable-async-job-executor-thread-26750#
[CreateOrUpdateAppStep] Applying update strategy "REPLACE" to env#
#2026 05 01 12:03:52.549#Z#DEBUG#c8df2564-4555-11f1-8bc2-eeee0a96607a.OPERATION#flowable-async-job-executor-thread-26750#
[CreateOrUpdateAppStep] Updating environment of application "backorder-history-app"#
#2026 05 01 12:03:52.646#Z#DEBUG#c8df2564-4555-11f1-8bc2-eeee0a96607a.OPERATION#flowable-async-job-executor-thread-26750#
[CreateOrUpdateAppStep] Application "backorder-history-app" updated#
#2026 05 01 12:03:52.646#Z#DEBUG#c8df2564-4555-11f1-8bc2-eeee0a96607a.OPERATION#flowable-async-job-executor-thread-26750#
Step "Create App" finished#
#2026 05 01 12:03:52.728#Z#DEBUG#c8df2564-4555-11f1-8bc2-eeee0a96607a.OPERATION#flowable-async-job-executor-thread-26750#
[CheckServiceBindingOperationStep] Executing task "checkForServiceBindingOperationInProgress" of process "d23c4d9f-4555-11f1-8bc2-eeee0a96607a"...#
#2026 05 01 12:03:52.728#Z#DEBUG#c8df2564-4555-11f1-8bc2-eeee0a96607a.OPERATION#flowable-async-job-executor-thread-26750#
[CheckServiceBindingOperationStep] Checking for service binding operation in progress between app "backorder-history-app" and service instance "backorder-history-xsuaa"#
#2026 05 01 12:03:52.729#Z#DEBUG#c8df2564-4555-11f1-8bc2-eeee0a96607a.OPERATION#flowable-async-job-executor-thread-26750#
[CheckServiceBindingOperationStep] Getting application guid "backorder-history-app"...#
#2026 05 01 12:03:52.786#Z#DEBUG#c8df2564-4555-11f1-8bc2-eeee0a96607a.OPERATION#flowable-async-job-executor-thread-26750#
[CheckServiceBindingOperationStep] Getting GUID of required service instance "backorder-history-xsuaa"...#
#2026 05 01 12:03:52.819#Z#DEBUG#c8df2564-4555-11f1-8bc2-eeee0a96607a.OPERATION#flowable-async-job-executor-thread-26750#
[CheckServiceBindingOperationStep] Getting binding of service instance "f9b93cc1-81ce-4481-97d2-7edbc152cc39" with application "876be8d1-9913-44ab-8f26-ed3ed370fa88"...#
#2026 05 01 12:03:52.848#Z#DEBUG#c8df2564-4555-11f1-8bc2-eeee0a96607a.OPERATION#flowable-async-job-executor-thread-26750#
Step "Check For Service Binding Operation In Progress" finished#
#2026 05 01 12:03:52.873#Z#DEBUG#c8df2564-4555-11f1-8bc2-eeee0a96607a.OPERATION#flowable-async-job-executor-thread-26750#
[DetermineApplicationServiceBindingActionsStep] Executing task "determineApplicationServiceBindingActionsTask" of process "d23c4d9f-4555-11f1-8bc2-eeee0a96607a"...#
#2026 05 01 12:03:52.875#Z#DEBUG#c8df2564-4555-11f1-8bc2-eeee0a96607a.OPERATION#flowable-async-job-executor-thread-26750#
[DetermineApplicationServiceBindingActionsStep] Determine bind/unbind operations of application "backorder-history-app" to service instance "backorder-history-xsuaa"#
#2026 05 01 12:03:52.875#Z#DEBUG#c8df2564-4555-11f1-8bc2-eeee0a96607a.OPERATION#flowable-async-job-executor-thread-26750#
[DetermineApplicationServiceBindingActionsStep] Getting application "backorder-history-app"...#
#2026 05 01 12:03:52.920#Z#DEBUG#c8df2564-4555-11f1-8bc2-eeee0a96607a.OPERATION#flowable-async-job-executor-thread-26750#
[DetermineApplicationServiceBindingActionsStep] Binding parameters for application "backorder-history-app": { }#
#2026 05 01 12:03:52.941#Z#DEBUG#c8df2564-4555-11f1-8bc2-eeee0a96607a.OPERATION#flowable-async-job-executor-thread-26750#
[DetermineApplicationServiceBindingActionsStep] Calculated binding operations between application "backorder-history-app" and service instance "backorder-history-xsuaa": unbind - false bind - true#
#2026 05 01 12:03:52.941#Z#DEBUG#c8df2564-4555-11f1-8bc2-eeee0a96607a.OPERATION#flowable-async-job-executor-thread-26750#
Step "Determine Application Service Binding Actions" finished#
#2026 05 01 12:03:52.971#Z#DEBUG#c8df2564-4555-11f1-8bc2-eeee0a96607a.OPERATION#flowable-async-job-executor-thread-26750#
[BindServiceToApplicationStep] Executing task "bindServiceToApplicationTask" of process "d23c4d9f-4555-11f1-8bc2-eeee0a96607a"...#
#2026 05 01 12:03:52.972#Z#INFO#c8df2564-4555-11f1-8bc2-eeee0a96607a.OPERATION#flowable-async-job-executor-thread-26750#
[BindServiceToApplicationStep] Binding service instance "backorder-history-xsuaa" to application "backorder-history-app"...#
#2026 05 01 12:03:52.977#Z#DEBUG#c8df2564-4555-11f1-8bc2-eeee0a96607a.OPERATION#flowable-async-job-executor-thread-26750#
[BindServiceToApplicationStep] Binding service instance "backorder-history-xsuaa" to application "backorder-history-app" with parameters: { }#
#2026 05 01 12:03:53.101#Z#DEBUG#c8df2564-4555-11f1-8bc2-eeee0a96607a.OPERATION#flowable-async-job-executor-thread-26750#
Step "Bind Service to Application" finished#
#2026 05 01 12:03:58.472#Z#DEBUG#c8df2564-4555-11f1-8bc2-eeee0a96607a.OPERATION#flowable-async-job-executor-thread-26760#
[BindServiceToApplicationStep] Executing task "bindServiceToApplicationTask" of process "d1a787a2-4555-11f1-8bc2-eeee0a96607a"...#
#2026 05 01 12:03:58.473#Z#DEBUG#c8df2564-4555-11f1-8bc2-eeee0a96607a.OPERATION#flowable-async-job-executor-thread-26760#
[BindServiceToApplicationStep] Getting async job "2bea32b3-f248-4eeb-860a-ca53cde8dc8a"#
#2026 05 01 12:03:58.497#Z#DEBUG#c8df2564-4555-11f1-8bc2-eeee0a96607a.OPERATION#flowable-async-job-executor-thread-26760#
[BindServiceToApplicationStep] Getting service instance "backorder-history-xsuaa"...#
#2026 05 01 12:03:58.621#Z#DEBUG#c8df2564-4555-11f1-8bc2-eeee0a96607a.OPERATION#flowable-async-job-executor-thread-26760#
[BindServiceToApplicationStep] Async service binding operation with id "2bea32b3-f248-4eeb-860a-ca53cde8dc8a" finished#
#2026 05 01 12:03:58.622#Z#DEBUG#c8df2564-4555-11f1-8bc2-eeee0a96607a.OPERATION#flowable-async-job-executor-thread-26760#
Step "Bind Service to Application" finished#
#2026 05 01 12:03:58.507#Z#DEBUG#c8df2564-4555-11f1-8bc2-eeee0a96607a.OPERATION#flowable-async-job-executor-thread-10531#
[BindServiceToApplicationStep] Executing task "bindServiceToApplicationTask" of process "d23c4d9f-4555-11f1-8bc2-eeee0a96607a"...#
#2026 05 01 12:03:58.510#Z#DEBUG#c8df2564-4555-11f1-8bc2-eeee0a96607a.OPERATION#flowable-async-job-executor-thread-10531#
[BindServiceToApplicationStep] Getting async job "e44df000-682f-47d5-b60f-d6b9cf17ebc6"#
#2026 05 01 12:03:58.547#Z#DEBUG#c8df2564-4555-11f1-8bc2-eeee0a96607a.OPERATION#flowable-async-job-executor-thread-10531#
[BindServiceToApplicationStep] Getting service instance "backorder-history-xsuaa"...#
#2026 05 01 12:03:58.706#Z#DEBUG#c8df2564-4555-11f1-8bc2-eeee0a96607a.OPERATION#flowable-async-job-executor-thread-10531#
[BindServiceToApplicationStep] Async service binding operation with id "e44df000-682f-47d5-b60f-d6b9cf17ebc6" finished#
#2026 05 01 12:03:58.708#Z#DEBUG#c8df2564-4555-11f1-8bc2-eeee0a96607a.OPERATION#flowable-async-job-executor-thread-10531#
Step "Bind Service to Application" finished#
#2026 05 01 12:03:58.741#Z#DEBUG#c8df2564-4555-11f1-8bc2-eeee0a96607a.OPERATION#flowable-async-job-executor-thread-26760#
[DetermineVcapServicesPropertiesChangedStep] Executing task "determineVcapServicesPropertiesChangedTask" of process "d5ce74a7-4555-11f1-8bc2-eeee0a96607a"...#
#2026 05 01 12:03:58.742#Z#DEBUG#c8df2564-4555-11f1-8bc2-eeee0a96607a.OPERATION#flowable-async-job-executor-thread-26760#
[DetermineVcapServicesPropertiesChangedStep] VCAP_SERVICES properties for application "backorder-history-srv" changed: true#
#2026 05 01 12:03:58.742#Z#DEBUG#c8df2564-4555-11f1-8bc2-eeee0a96607a.OPERATION#flowable-async-job-executor-thread-26760#
Step "Determine vcap services properties changed" finished#
#2026 05 01 12:03:58.914#Z#DEBUG#c8df2564-4555-11f1-8bc2-eeee0a96607a.OPERATION#flowable-async-job-executor-thread-10531#
[DetermineVcapServicesPropertiesChangedStep] Executing task "determineVcapServicesPropertiesChangedTask" of process "d5e558d1-4555-11f1-a7f9-eeee0a89742b"...#
#2026 05 01 12:03:58.917#Z#DEBUG#c8df2564-4555-11f1-8bc2-eeee0a96607a.OPERATION#flowable-async-job-executor-thread-10531#
[DetermineVcapServicesPropertiesChangedStep] VCAP_SERVICES properties for application "backorder-history-app" changed: true#
#2026 05 01 12:03:58.917#Z#DEBUG#c8df2564-4555-11f1-8bc2-eeee0a96607a.OPERATION#flowable-async-job-executor-thread-10531#
Step "Determine vcap services properties changed" finished#
#2026 05 01 12:03:58.508#Z#DEBUG#c8df2564-4555-11f1-8bc2-eeee0a96607a.OPERATION#flowable-async-job-executor-thread-26764#
[UploadAppStep] Executing task "uploadAppTask" of process "d0c4532f-4555-11f1-8bc2-eeee0a96607a"...#
#2026 05 01 12:03:58.509#Z#DEBUG#c8df2564-4555-11f1-8bc2-eeee0a96607a.OPERATION#flowable-async-job-executor-thread-26764#
[UploadAppStep] Application upload timeout is default one: 3,600 seconds#
#2026 05 01 12:03:58.510#Z#DEBUG#c8df2564-4555-11f1-8bc2-eeee0a96607a.OPERATION#pool-21-thread-4#
[UploadAppStep] Upload of application: backorder-history-db-deployer started on instance: 0#
#2026 05 01 12:03:58.510#Z#DEBUG#c8df2564-4555-11f1-8bc2-eeee0a96607a.OPERATION#pool-21-thread-4#
[UploadAppStep] Uploading file "backorder-history-db-deployer/data.zip" for application "backorder-history-db-deployer"#
#2026 05 01 12:03:58.583#Z#INFO#c8df2564-4555-11f1-8bc2-eeee0a96607a.OPERATION#pool-21-thread-4#
[UploadAppStep] Time elapsed for app binary download: 72 in millis#
#2026 05 01 12:03:58.583#Z#INFO#c8df2564-4555-11f1-8bc2-eeee0a96607a.OPERATION#pool-21-thread-4#
[UploadAppStep] Size of app backorder-history-db-deployer is 2,429,691 bytes#
#2026 05 01 12:03:58.583#Z#DEBUG#c8df2564-4555-11f1-8bc2-eeee0a96607a.OPERATION#pool-21-thread-4#
[UploadAppStep] Asynchronously uploading binaries for application "backorder-history-db-deployer"...#
#2026 05 01 12:03:58.769#Z#DEBUG#c8df2564-4555-11f1-8bc2-eeee0a96607a.OPERATION#flowable-async-job-executor-thread-26760#
[UploadAppStep] Executing task "uploadAppTask" of process "d5ce74a7-4555-11f1-8bc2-eeee0a96607a"...#
#2026 05 01 12:03:58.770#Z#DEBUG#c8df2564-4555-11f1-8bc2-eeee0a96607a.OPERATION#flowable-async-job-executor-thread-26760#
[UploadAppStep] Application upload timeout is default one: 3,600 seconds#
#2026 05 01 12:03:58.770#Z#INFO#c8df2564-4555-11f1-8bc2-eeee0a96607a.OPERATION#flowable-async-job-executor-thread-26760#
[UploadAppStep] Uploading application "backorder-history-srv"...#
#2026 05 01 12:03:58.776#Z#DEBUG#c8df2564-4555-11f1-8bc2-eeee0a96607a.OPERATION#flowable-async-job-executor-thread-26760#
[UploadAppStep] Getting application "backorder-history-srv"...#
#2026 05 01 12:03:58.809#Z#INFO#c8df2564-4555-11f1-8bc2-eeee0a96607a.OPERATION#pool-21-thread-4#
[UploadAppStep] Started async upload of application "backorder-history-db-deployer"#
#2026 05 01 12:03:58.815#Z#INFO#c8df2564-4555-11f1-8bc2-eeee0a96607a.OPERATION#flowable-async-job-executor-thread-26764#
[UploadAppStep] Time elapsed for upload: 306 in millis#
#2026 05 01 12:03:58.815#Z#DEBUG#c8df2564-4555-11f1-8bc2-eeee0a96607a.OPERATION#flowable-async-job-executor-thread-26764#
[UploadAppStep] Getting application "backorder-history-db-deployer"...#
#2026 05 01 12:03:58.818#Z#DEBUG#c8df2564-4555-11f1-8bc2-eeee0a96607a.OPERATION#flowable-async-job-executor-thread-26760#
[UploadAppStep] Getting environment of application "73ed2dc8-b263-4a3d-9470-8f8b426a9085"...#
#2026 05 01 12:03:58.836#Z#DEBUG#c8df2564-4555-11f1-8bc2-eeee0a96607a.OPERATION#App upload monitor: 115876d8-9e10-46a5-b742-cef4dd044ce7#
[UploadAppStep] Upload status: PROCESSING_UPLOAD#
#2026 05 01 12:03:58.853#Z#INFO#c8df2564-4555-11f1-8bc2-eeee0a96607a.OPERATION#flowable-async-job-executor-thread-26760#
[UploadAppStep] Calculating application digest: "backorder-history-srv"#
#2026 05 01 12:03:58.858#Z#DEBUG#c8df2564-4555-11f1-8bc2-eeee0a96607a.OPERATION#flowable-async-job-executor-thread-26764#
[UploadAppStep] Getting environment of application "f3a667cb-a7f1-4bd3-8a4f-472dbd3ae857"...#
#2026 05 01 12:03:58.893#Z#DEBUG#c8df2564-4555-11f1-8bc2-eeee0a96607a.OPERATION#flowable-async-job-executor-thread-26764#
[UploadAppStep] Updating environment of application "backorder-history-db-deployer"#
#2026 05 01 12:03:58.979#Z#DEBUG#c8df2564-4555-11f1-8bc2-eeee0a96607a.OPERATION#flowable-async-job-executor-thread-26764#
Step "Upload App" finished#
#2026 05 01 12:03:58.963#Z#DEBUG#c8df2564-4555-11f1-8bc2-eeee0a96607a.OPERATION#flowable-async-job-executor-thread-10531#
[UploadAppStep] Executing task "uploadAppTask" of process "d5e558d1-4555-11f1-a7f9-eeee0a89742b"...#
#2026 05 01 12:03:58.965#Z#DEBUG#c8df2564-4555-11f1-8bc2-eeee0a96607a.OPERATION#flowable-async-job-executor-thread-10531#
[UploadAppStep] Application upload timeout is default one: 3,600 seconds#
#2026 05 01 12:03:58.965#Z#INFO#c8df2564-4555-11f1-8bc2-eeee0a96607a.OPERATION#flowable-async-job-executor-thread-10531#
[UploadAppStep] Uploading application "backorder-history-app"...#
#2026 05 01 12:03:58.975#Z#DEBUG#c8df2564-4555-11f1-8bc2-eeee0a96607a.OPERATION#flowable-async-job-executor-thread-10531#
[UploadAppStep] Getting application "backorder-history-app"...#
#2026 05 01 12:03:59.011#Z#DEBUG#c8df2564-4555-11f1-8bc2-eeee0a96607a.OPERATION#flowable-async-job-executor-thread-10531#
[UploadAppStep] Getting environment of application "876be8d1-9913-44ab-8f26-ed3ed370fa88"...#
#2026 05 01 12:03:59.040#Z#INFO#c8df2564-4555-11f1-8bc2-eeee0a96607a.OPERATION#flowable-async-job-executor-thread-10531#
[UploadAppStep] Calculating application digest: "backorder-history-app"#
#2026 05 01 12:03:59.075#Z#DEBUG#c8df2564-4555-11f1-8bc2-eeee0a96607a.OPERATION#flowable-async-job-executor-thread-10531#
Step "Upload App" finished#
#2026 05 01 12:03:59.337#Z#DEBUG#c8df2564-4555-11f1-8bc2-eeee0a96607a.OPERATION#flowable-async-job-executor-thread-26760#
Step "Upload App" finished#
#2026 05 01 12:04:03.880#Z#DEBUG#c8df2564-4555-11f1-8bc2-eeee0a96607a.OPERATION#App upload monitor: 115876d8-9e10-46a5-b742-cef4dd044ce7#
[UploadAppStep] Upload status: READY#
#2026 05 01 12:04:08.517#Z#DEBUG#c8df2564-4555-11f1-8bc2-eeee0a96607a.OPERATION#flowable-async-job-executor-thread-26770#
[UploadAppStep] Executing task "uploadAppTask" of process "d0c4532f-4555-11f1-8bc2-eeee0a96607a"...#
#2026 05 01 12:04:08.518#Z#DEBUG#c8df2564-4555-11f1-8bc2-eeee0a96607a.OPERATION#flowable-async-job-executor-thread-26770#
[UploadAppStep] Application upload timeout is default one: 3,600 seconds#
#2026 05 01 12:04:08.518#Z#DEBUG#c8df2564-4555-11f1-8bc2-eeee0a96607a.OPERATION#flowable-async-job-executor-thread-26770#
[UploadAppStep] Checking upload status of application "backorder-history-db-deployer"...#
#2026 05 01 12:04:08.521#Z#DEBUG#c8df2564-4555-11f1-8bc2-eeee0a96607a.OPERATION#flowable-async-job-executor-thread-26770#
[UploadAppStep] Getting package "115876d8-9e10-46a5-b742-cef4dd044ce7"...#
#2026 05 01 12:04:08.541#Z#DEBUG#c8df2564-4555-11f1-8bc2-eeee0a96607a.OPERATION#flowable-async-job-executor-thread-26770#
[UploadAppStep] Application "backorder-history-db-deployer" uploaded#
#2026 05 01 12:04:08.542#Z#DEBUG#c8df2564-4555-11f1-8bc2-eeee0a96607a.OPERATION#flowable-async-job-executor-thread-26770#
Step "Upload App" finished#
#2026 05 01 12:04:08.574#Z#DEBUG#c8df2564-4555-11f1-8bc2-eeee0a96607a.OPERATION#flowable-async-job-executor-thread-26770#
[ScaleAppStep] Executing task "scaleAppTask" of process "d0c4532f-4555-11f1-8bc2-eeee0a96607a"...#
#2026 05 01 12:04:08.576#Z#DEBUG#c8df2564-4555-11f1-8bc2-eeee0a96607a.OPERATION#flowable-async-job-executor-thread-26770#
[ScaleAppStep] Scaling application "backorder-history-db-deployer"...#
#2026 05 01 12:04:08.576#Z#DEBUG#c8df2564-4555-11f1-8bc2-eeee0a96607a.OPERATION#flowable-async-job-executor-thread-26770#
[ScaleAppStep] Getting application guid "backorder-history-db-deployer"...#
#2026 05 01 12:04:08.620#Z#DEBUG#c8df2564-4555-11f1-8bc2-eeee0a96607a.OPERATION#flowable-async-job-executor-thread-26770#
[ScaleAppStep] Getting process for application "f3a667cb-a7f1-4bd3-8a4f-472dbd3ae857"...#
#2026 05 01 12:04:08.649#Z#DEBUG#c8df2564-4555-11f1-8bc2-eeee0a96607a.OPERATION#flowable-async-job-executor-thread-26770#
[ScaleAppStep] Application "backorder-history-db-deployer" scaled#
#2026 05 01 12:04:08.649#Z#DEBUG#c8df2564-4555-11f1-8bc2-eeee0a96607a.OPERATION#flowable-async-job-executor-thread-26770#
Step "Scale App" finished#
#2026 05 01 12:04:08.678#Z#DEBUG#c8df2564-4555-11f1-8bc2-eeee0a96607a.OPERATION#flowable-async-job-executor-thread-26770#
[DetermineDesiredStateAchievingActionsStep] Executing task "determineDesiredStateAchievingActionsTask" of process "d0c4532f-4555-11f1-8bc2-eeee0a96607a"...#
#2026 05 01 12:04:08.679#Z#DEBUG#c8df2564-4555-11f1-8bc2-eeee0a96607a.OPERATION#flowable-async-job-executor-thread-26770#
[DetermineDesiredStateAchievingActionsStep] Getting application "backorder-history-db-deployer"...#
#2026 05 01 12:04:08.715#Z#DEBUG#c8df2564-4555-11f1-8bc2-eeee0a96607a.OPERATION#flowable-async-job-executor-thread-26770#
[DetermineDesiredStateAchievingActionsStep] Getting instances for application "backorder-history-db-deployer"...#
#2026 05 01 12:04:08.715#Z#DEBUG#c8df2564-4555-11f1-8bc2-eeee0a96607a.OPERATION#flowable-async-job-executor-thread-26770#
[DetermineDesiredStateAchievingActionsStep] Getting environment of application "f3a667cb-a7f1-4bd3-8a4f-472dbd3ae857"...#
#2026 05 01 12:04:08.742#Z#DEBUG#c8df2564-4555-11f1-8bc2-eeee0a96607a.OPERATION#flowable-async-job-executor-thread-26770#
[DetermineDesiredStateAchievingActionsStep] Current state of application backorder-history-db-deployer: STOPPED#
#2026 05 01 12:04:08.742#Z#DEBUG#c8df2564-4555-11f1-8bc2-eeee0a96607a.OPERATION#flowable-async-job-executor-thread-26770#
[DetermineDesiredStateAchievingActionsStep] Desired state of application backorder-history-db-deployer: STOPPED#
#2026 05 01 12:04:08.742#Z#DEBUG#c8df2564-4555-11f1-8bc2-eeee0a96607a.OPERATION#flowable-async-job-executor-thread-26770#
[DetermineDesiredStateAchievingActionsStep] Actions that should be executed on application backorder-history-db-deployer: [STAGE]#
#2026 05 01 12:04:08.742#Z#DEBUG#c8df2564-4555-11f1-8bc2-eeee0a96607a.OPERATION#flowable-async-job-executor-thread-26770#
Step "Determine Desired State Achieving Actions" finished#
#2026 05 01 12:04:08.552#Z#DEBUG#c8df2564-4555-11f1-8bc2-eeee0a96607a.OPERATION#flowable-async-job-executor-thread-10538#
[UploadAppStep] Executing task "uploadAppTask" of process "d5ce74a7-4555-11f1-8bc2-eeee0a96607a"...#
#2026 05 01 12:04:08.553#Z#DEBUG#c8df2564-4555-11f1-8bc2-eeee0a96607a.OPERATION#flowable-async-job-executor-thread-10538#
[UploadAppStep] Application upload timeout is default one: 3,600 seconds#
#2026 05 01 12:04:08.557#Z#DEBUG#c8df2564-4555-11f1-8bc2-eeee0a96607a.OPERATION#pool-21-thread-6#
[UploadAppStep] Upload of application: backorder-history-srv started on instance: 2#
#2026 05 01 12:04:08.557#Z#DEBUG#c8df2564-4555-11f1-8bc2-eeee0a96607a.OPERATION#pool-21-thread-6#
[UploadAppStep] Uploading file "backorder-history-srv/data.zip" for application "backorder-history-srv"#
#2026 05 01 12:04:08.570#Z#DEBUG#c8df2564-4555-11f1-8bc2-eeee0a96607a.OPERATION#flowable-async-job-executor-thread-10539#
[UploadAppStep] Executing task "uploadAppTask" of process "d5e558d1-4555-11f1-a7f9-eeee0a89742b"...#
#2026 05 01 12:04:08.571#Z#DEBUG#c8df2564-4555-11f1-8bc2-eeee0a96607a.OPERATION#flowable-async-job-executor-thread-10539#
[UploadAppStep] Application upload timeout is default one: 3,600 seconds#
#2026 05 01 12:04:08.575#Z#DEBUG#c8df2564-4555-11f1-8bc2-eeee0a96607a.OPERATION#pool-21-thread-4#
[UploadAppStep] Upload of application: backorder-history-app started on instance: 2#
#2026 05 01 12:04:08.575#Z#DEBUG#c8df2564-4555-11f1-8bc2-eeee0a96607a.OPERATION#pool-21-thread-4#
[UploadAppStep] Uploading file "backorder-history-app/data.zip" for application "backorder-history-app"#
#2026 05 01 12:04:08.636#Z#INFO#c8df2564-4555-11f1-8bc2-eeee0a96607a.OPERATION#pool-21-thread-4#
[UploadAppStep] Time elapsed for app binary download: 61 in millis#
#2026 05 01 12:04:08.636#Z#INFO#c8df2564-4555-11f1-8bc2-eeee0a96607a.OPERATION#pool-21-thread-4#
[UploadAppStep] Size of app backorder-history-app is 13,022 bytes#
#2026 05 01 12:04:08.636#Z#DEBUG#c8df2564-4555-11f1-8bc2-eeee0a96607a.OPERATION#pool-21-thread-4#
[UploadAppStep] Asynchronously uploading binaries for application "backorder-history-app"...#
#2026 05 01 12:04:08.898#Z#INFO#c8df2564-4555-11f1-8bc2-eeee0a96607a.OPERATION#pool-21-thread-4#
[UploadAppStep] Started async upload of application "backorder-history-app"#
#2026 05 01 12:04:08.905#Z#INFO#c8df2564-4555-11f1-8bc2-eeee0a96607a.OPERATION#flowable-async-job-executor-thread-10539#
[UploadAppStep] Time elapsed for upload: 333 in millis#
#2026 05 01 12:04:08.905#Z#DEBUG#c8df2564-4555-11f1-8bc2-eeee0a96607a.OPERATION#flowable-async-job-executor-thread-10539#
[UploadAppStep] Getting application "backorder-history-app"...#
#2026 05 01 12:04:08.927#Z#DEBUG#c8df2564-4555-11f1-8bc2-eeee0a96607a.OPERATION#App upload monitor: 9fda2837-8b22-47d3-af6f-bb60f2598c96#
[UploadAppStep] Upload status: PROCESSING_UPLOAD#
#2026 05 01 12:04:08.944#Z#DEBUG#c8df2564-4555-11f1-8bc2-eeee0a96607a.OPERATION#flowable-async-job-executor-thread-10539#
[UploadAppStep] Getting environment of application "876be8d1-9913-44ab-8f26-ed3ed370fa88"...#
#2026 05 01 12:04:08.996#Z#DEBUG#c8df2564-4555-11f1-8bc2-eeee0a96607a.OPERATION#flowable-async-job-executor-thread-10539#
[UploadAppStep] Updating environment of application "backorder-history-app"#
#2026 05 01 12:04:09.109#Z#INFO#c8df2564-4555-11f1-8bc2-eeee0a96607a.OPERATION#pool-21-thread-6#
[UploadAppStep] Time elapsed for app binary download: 551 in millis#
#2026 05 01 12:04:09.109#Z#INFO#c8df2564-4555-11f1-8bc2-eeee0a96607a.OPERATION#pool-21-thread-6#
[UploadAppStep] Size of app backorder-history-srv is 47,635,249 bytes#
#2026 05 01 12:04:09.109#Z#DEBUG#c8df2564-4555-11f1-8bc2-eeee0a96607a.OPERATION#pool-21-thread-6#
[UploadAppStep] Asynchronously uploading binaries for application "backorder-history-srv"...#
#2026 05 01 12:04:09.158#Z#DEBUG#c8df2564-4555-11f1-8bc2-eeee0a96607a.OPERATION#flowable-async-job-executor-thread-10539#
Step "Upload App" finished#
#2026 05 01 12:04:08.770#Z#DEBUG#c8df2564-4555-11f1-8bc2-eeee0a96607a.OPERATION#flowable-async-job-executor-thread-26770#
[StageAppStep] Executing task "stageAppTask" of process "d0c4532f-4555-11f1-8bc2-eeee0a96607a"...#
#2026 05 01 12:04:08.770#Z#DEBUG#c8df2564-4555-11f1-8bc2-eeee0a96607a.OPERATION#flowable-async-job-executor-thread-26770#
[StageAppStep] Application stage timeout is default one: 3,600 seconds#
#2026 05 01 12:04:08.772#Z#INFO#c8df2564-4555-11f1-8bc2-eeee0a96607a.OPERATION#flowable-async-job-executor-thread-26770#
[StageAppStep] Staging application "backorder-history-db-deployer"...#
#2026 05 01 12:04:08.776#Z#DEBUG#c8df2564-4555-11f1-8bc2-eeee0a96607a.OPERATION#flowable-async-job-executor-thread-26770#
[StageAppStep] Creating build for package "115876d8-9e10-46a5-b742-cef4dd044ce7"...#
#2026 05 01 12:04:09.287#Z#DEBUG#c8df2564-4555-11f1-8bc2-eeee0a96607a.OPERATION#flowable-async-job-executor-thread-26770#
Step "Stage App" finished#
#2026 05 01 12:04:10.019#Z#INFO#c8df2564-4555-11f1-8bc2-eeee0a96607a.OPERATION#pool-21-thread-6#
[UploadAppStep] Started async upload of application "backorder-history-srv"#
#2026 05 01 12:04:10.028#Z#INFO#c8df2564-4555-11f1-8bc2-eeee0a96607a.OPERATION#flowable-async-job-executor-thread-10538#
[UploadAppStep] Time elapsed for upload: 1,474 in millis#
#2026 05 01 12:04:10.028#Z#DEBUG#c8df2564-4555-11f1-8bc2-eeee0a96607a.OPERATION#flowable-async-job-executor-thread-10538#
[UploadAppStep] Getting application "backorder-history-srv"...#
#2026 05 01 12:04:10.053#Z#DEBUG#c8df2564-4555-11f1-8bc2-eeee0a96607a.OPERATION#App upload monitor: b867fd18-9163-4d4a-9871-a91cdd49a49f#
[UploadAppStep] Upload status: PROCESSING_UPLOAD#
#2026 05 01 12:04:10.074#Z#DEBUG#c8df2564-4555-11f1-8bc2-eeee0a96607a.OPERATION#flowable-async-job-executor-thread-10538#
[UploadAppStep] Getting environment of application "73ed2dc8-b263-4a3d-9470-8f8b426a9085"...#
#2026 05 01 12:04:10.123#Z#DEBUG#c8df2564-4555-11f1-8bc2-eeee0a96607a.OPERATION#flowable-async-job-executor-thread-10538#
[UploadAppStep] Updating environment of application "backorder-history-srv"#
#2026 05 01 12:04:10.226#Z#DEBUG#c8df2564-4555-11f1-8bc2-eeee0a96607a.OPERATION#flowable-async-job-executor-thread-10538#
Step "Upload App" finished#
#2026 05 01 12:04:13.949#Z#DEBUG#c8df2564-4555-11f1-8bc2-eeee0a96607a.OPERATION#App upload monitor: 9fda2837-8b22-47d3-af6f-bb60f2598c96#
[UploadAppStep] Upload status: READY#
#2026 05 01 12:04:18.579#Z#DEBUG#c8df2564-4555-11f1-8bc2-eeee0a96607a.OPERATION#flowable-async-job-executor-thread-26776#
[UploadAppStep] Executing task "uploadAppTask" of process "d5e558d1-4555-11f1-a7f9-eeee0a89742b"...#
#2026 05 01 12:04:18.580#Z#DEBUG#c8df2564-4555-11f1-8bc2-eeee0a96607a.OPERATION#flowable-async-job-executor-thread-26776#
[UploadAppStep] Application upload timeout is default one: 3,600 seconds#
#2026 05 01 12:04:18.580#Z#DEBUG#c8df2564-4555-11f1-8bc2-eeee0a96607a.OPERATION#flowable-async-job-executor-thread-26776#
[UploadAppStep] Checking upload status of application "backorder-history-app"...#
#2026 05 01 12:04:18.582#Z#DEBUG#c8df2564-4555-11f1-8bc2-eeee0a96607a.OPERATION#flowable-async-job-executor-thread-26776#
[UploadAppStep] Getting package "9fda2837-8b22-47d3-af6f-bb60f2598c96"...#
#2026 05 01 12:04:18.585#Z#DEBUG#c8df2564-4555-11f1-8bc2-eeee0a96607a.OPERATION#flowable-async-job-executor-thread-26779#
[UploadAppStep] Executing task "uploadAppTask" of process "d5ce74a7-4555-11f1-8bc2-eeee0a96607a"...#
#2026 05 01 12:04:18.586#Z#DEBUG#c8df2564-4555-11f1-8bc2-eeee0a96607a.OPERATION#flowable-async-job-executor-thread-26779#
[UploadAppStep] Application upload timeout is default one: 3,600 seconds#
#2026 05 01 12:04:18.586#Z#DEBUG#c8df2564-4555-11f1-8bc2-eeee0a96607a.OPERATION#flowable-async-job-executor-thread-26779#
[UploadAppStep] Checking upload status of application "backorder-history-srv"...#
#2026 05 01 12:04:18.586#Z#DEBUG#c8df2564-4555-11f1-8bc2-eeee0a96607a.OPERATION#flowable-async-job-executor-thread-26779#
[UploadAppStep] Getting package "b867fd18-9163-4d4a-9871-a91cdd49a49f"...#
#2026 05 01 12:04:18.609#Z#DEBUG#c8df2564-4555-11f1-8bc2-eeee0a96607a.OPERATION#flowable-async-job-executor-thread-26776#
[UploadAppStep] Application "backorder-history-app" uploaded#
#2026 05 01 12:04:18.610#Z#DEBUG#c8df2564-4555-11f1-8bc2-eeee0a96607a.OPERATION#flowable-async-job-executor-thread-26776#
Step "Upload App" finished#
#2026 05 01 12:04:18.615#Z#DEBUG#c8df2564-4555-11f1-8bc2-eeee0a96607a.OPERATION#flowable-async-job-executor-thread-26779#
[UploadAppStep] Application "backorder-history-srv" uploaded#
#2026 05 01 12:04:18.616#Z#DEBUG#c8df2564-4555-11f1-8bc2-eeee0a96607a.OPERATION#flowable-async-job-executor-thread-26779#
Step "Upload App" finished#
#2026 05 01 12:04:18.556#Z#DEBUG#c8df2564-4555-11f1-8bc2-eeee0a96607a.OPERATION#flowable-async-job-executor-thread-26775#
[StageAppStep] Executing task "stageAppTask" of process "d0c4532f-4555-11f1-8bc2-eeee0a96607a"...#
#2026 05 01 12:04:18.558#Z#DEBUG#c8df2564-4555-11f1-8bc2-eeee0a96607a.OPERATION#flowable-async-job-executor-thread-26775#
[StageAppStep] Application stage timeout is default one: 3,600 seconds#
#2026 05 01 12:04:18.559#Z#DEBUG#c8df2564-4555-11f1-8bc2-eeee0a96607a.OPERATION#flowable-async-job-executor-thread-26775#
[StageAppStep] Checking status of application "backorder-history-db-deployer"...#
#2026 05 01 12:04:18.559#Z#DEBUG#c8df2564-4555-11f1-8bc2-eeee0a96607a.OPERATION#flowable-async-job-executor-thread-26775#
[StageAppStep] Getting build "372dfc86-e929-4494-9ef3-9c731c1763b3"...#
#2026 05 01 12:04:18.597#Z#DEBUG#c8df2564-4555-11f1-8bc2-eeee0a96607a.OPERATION#flowable-async-job-executor-thread-26775#
[StageAppStep] Staging status of application "backorder-history-db-deployer": PENDING#
#2026 05 01 12:04:18.598#Z#DEBUG#c8df2564-4555-11f1-8bc2-eeee0a96607a.OPERATION#flowable-async-job-executor-thread-26775#
[StageAppStep] Getting application guid "backorder-history-db-deployer"...#
#2026 05 01 12:04:18.698#Z#DEBUG#c8df2564-4555-11f1-8bc2-eeee0a96607a.OPERATION#flowable-async-job-executor-thread-26775#
Step "Stage App" finished#
#2026 05 01 12:04:18.648#Z#DEBUG#c8df2564-4555-11f1-8bc2-eeee0a96607a.OPERATION#flowable-async-job-executor-thread-26776#
[ScaleAppStep] Executing task "scaleAppTask" of process "d5e558d1-4555-11f1-a7f9-eeee0a89742b"...#
#2026 05 01 12:04:18.649#Z#DEBUG#c8df2564-4555-11f1-8bc2-eeee0a96607a.OPERATION#flowable-async-job-executor-thread-26779#
[ScaleAppStep] Executing task "scaleAppTask" of process "d5ce74a7-4555-11f1-8bc2-eeee0a96607a"...#
#2026 05 01 12:04:18.650#Z#DEBUG#c8df2564-4555-11f1-8bc2-eeee0a96607a.OPERATION#flowable-async-job-executor-thread-26776#
[ScaleAppStep] Scaling application "backorder-history-app"...#
#2026 05 01 12:04:18.650#Z#DEBUG#c8df2564-4555-11f1-8bc2-eeee0a96607a.OPERATION#flowable-async-job-executor-thread-26776#
[ScaleAppStep] Getting application guid "backorder-history-app"...#
#2026 05 01 12:04:18.651#Z#DEBUG#c8df2564-4555-11f1-8bc2-eeee0a96607a.OPERATION#flowable-async-job-executor-thread-26779#
[ScaleAppStep] Scaling application "backorder-history-srv"...#
#2026 05 01 12:04:18.651#Z#DEBUG#c8df2564-4555-11f1-8bc2-eeee0a96607a.OPERATION#flowable-async-job-executor-thread-26779#
[ScaleAppStep] Getting application guid "backorder-history-srv"...#
#2026 05 01 12:04:18.693#Z#DEBUG#c8df2564-4555-11f1-8bc2-eeee0a96607a.OPERATION#flowable-async-job-executor-thread-26776#
[ScaleAppStep] Getting process for application "876be8d1-9913-44ab-8f26-ed3ed370fa88"...#
#2026 05 01 12:04:18.693#Z#DEBUG#c8df2564-4555-11f1-8bc2-eeee0a96607a.OPERATION#flowable-async-job-executor-thread-26779#
[ScaleAppStep] Getting process for application "73ed2dc8-b263-4a3d-9470-8f8b426a9085"...#
#2026 05 01 12:04:18.725#Z#DEBUG#c8df2564-4555-11f1-8bc2-eeee0a96607a.OPERATION#flowable-async-job-executor-thread-26776#
[ScaleAppStep] Application "backorder-history-app" scaled#
#2026 05 01 12:04:18.725#Z#DEBUG#c8df2564-4555-11f1-8bc2-eeee0a96607a.OPERATION#flowable-async-job-executor-thread-26776#
Step "Scale App" finished#
#2026 05 01 12:04:18.725#Z#DEBUG#c8df2564-4555-11f1-8bc2-eeee0a96607a.OPERATION#flowable-async-job-executor-thread-26779#
[ScaleAppStep] Application "backorder-history-srv" scaled#
#2026 05 01 12:04:18.725#Z#DEBUG#c8df2564-4555-11f1-8bc2-eeee0a96607a.OPERATION#flowable-async-job-executor-thread-26779#
Step "Scale App" finished#
#2026 05 01 12:04:18.755#Z#DEBUG#c8df2564-4555-11f1-8bc2-eeee0a96607a.OPERATION#flowable-async-job-executor-thread-26779#
[DetermineDesiredStateAchievingActionsStep] Executing task "determineDesiredStateAchievingActionsTask" of process "d5ce74a7-4555-11f1-8bc2-eeee0a96607a"...#
#2026 05 01 12:04:18.755#Z#DEBUG#c8df2564-4555-11f1-8bc2-eeee0a96607a.OPERATION#flowable-async-job-executor-thread-26776#
[DetermineDesiredStateAchievingActionsStep] Executing task "determineDesiredStateAchievingActionsTask" of process "d5e558d1-4555-11f1-a7f9-eeee0a89742b"...#
#2026 05 01 12:04:18.756#Z#DEBUG#c8df2564-4555-11f1-8bc2-eeee0a96607a.OPERATION#flowable-async-job-executor-thread-26776#
[DetermineDesiredStateAchievingActionsStep] Getting application "backorder-history-app"...#
#2026 05 01 12:04:18.756#Z#DEBUG#c8df2564-4555-11f1-8bc2-eeee0a96607a.OPERATION#flowable-async-job-executor-thread-26779#
[DetermineDesiredStateAchievingActionsStep] Getting application "backorder-history-srv"...#
#2026 05 01 12:04:18.801#Z#DEBUG#c8df2564-4555-11f1-8bc2-eeee0a96607a.OPERATION#flowable-async-job-executor-thread-26776#
[DetermineDesiredStateAchievingActionsStep] Getting instances for application "backorder-history-app"...#
#2026 05 01 12:04:18.803#Z#DEBUG#c8df2564-4555-11f1-8bc2-eeee0a96607a.OPERATION#flowable-async-job-executor-thread-26779#
[DetermineDesiredStateAchievingActionsStep] Getting instances for application "backorder-history-srv"...#
#2026 05 01 12:04:18.846#Z#DEBUG#c8df2564-4555-11f1-8bc2-eeee0a96607a.OPERATION#flowable-async-job-executor-thread-26776#
[DetermineDesiredStateAchievingActionsStep] Getting environment of application "876be8d1-9913-44ab-8f26-ed3ed370fa88"...#
#2026 05 01 12:04:18.863#Z#DEBUG#c8df2564-4555-11f1-8bc2-eeee0a96607a.OPERATION#flowable-async-job-executor-thread-26779#
[DetermineDesiredStateAchievingActionsStep] Getting environment of application "73ed2dc8-b263-4a3d-9470-8f8b426a9085"...#
#2026 05 01 12:04:18.881#Z#DEBUG#c8df2564-4555-11f1-8bc2-eeee0a96607a.OPERATION#flowable-async-job-executor-thread-26776#
[DetermineDesiredStateAchievingActionsStep] Current state of application backorder-history-app: STARTED#
#2026 05 01 12:04:18.881#Z#DEBUG#c8df2564-4555-11f1-8bc2-eeee0a96607a.OPERATION#flowable-async-job-executor-thread-26776#
[DetermineDesiredStateAchievingActionsStep] Desired state of application backorder-history-app: STARTED#
#2026 05 01 12:04:18.882#Z#DEBUG#c8df2564-4555-11f1-8bc2-eeee0a96607a.OPERATION#flowable-async-job-executor-thread-26776#
[DetermineDesiredStateAchievingActionsStep] Actions that should be executed on application backorder-history-app: [STOP, STAGE, START]#
#2026 05 01 12:04:18.882#Z#DEBUG#c8df2564-4555-11f1-8bc2-eeee0a96607a.OPERATION#flowable-async-job-executor-thread-26776#
Step "Determine Desired State Achieving Actions" finished#
#2026 05 01 12:04:18.892#Z#DEBUG#c8df2564-4555-11f1-8bc2-eeee0a96607a.OPERATION#flowable-async-job-executor-thread-26779#
[DetermineDesiredStateAchievingActionsStep] Current state of application backorder-history-srv: STARTED#
#2026 05 01 12:04:18.892#Z#DEBUG#c8df2564-4555-11f1-8bc2-eeee0a96607a.OPERATION#flowable-async-job-executor-thread-26779#
[DetermineDesiredStateAchievingActionsStep] Desired state of application backorder-history-srv: STARTED#
#2026 05 01 12:04:18.892#Z#DEBUG#c8df2564-4555-11f1-8bc2-eeee0a96607a.OPERATION#flowable-async-job-executor-thread-26779#
[DetermineDesiredStateAchievingActionsStep] Actions that should be executed on application backorder-history-srv: [STOP, STAGE, START]#
#2026 05 01 12:04:18.892#Z#DEBUG#c8df2564-4555-11f1-8bc2-eeee0a96607a.OPERATION#flowable-async-job-executor-thread-26779#
Step "Determine Desired State Achieving Actions" finished#
#2026 05 01 12:04:18.913#Z#DEBUG#c8df2564-4555-11f1-8bc2-eeee0a96607a.OPERATION#flowable-async-job-executor-thread-26776#
[StopAppStep] Executing task "stopAppTask" of process "d5e558d1-4555-11f1-a7f9-eeee0a89742b"...#
#2026 05 01 12:04:18.915#Z#INFO#c8df2564-4555-11f1-8bc2-eeee0a96607a.OPERATION#flowable-async-job-executor-thread-26776#
[StopAppStep] Stopping application "backorder-history-app"...#
#2026 05 01 12:04:18.920#Z#DEBUG#c8df2564-4555-11f1-8bc2-eeee0a96607a.OPERATION#flowable-async-job-executor-thread-26776#
[StopAppStep] Stopping application "backorder-history-app"...#
#2026 05 01 12:04:18.922#Z#DEBUG#c8df2564-4555-11f1-8bc2-eeee0a96607a.OPERATION#flowable-async-job-executor-thread-26779#
[StopAppStep] Executing task "stopAppTask" of process "d5ce74a7-4555-11f1-8bc2-eeee0a96607a"...#
#2026 05 01 12:04:18.925#Z#INFO#c8df2564-4555-11f1-8bc2-eeee0a96607a.OPERATION#flowable-async-job-executor-thread-26779#
[StopAppStep] Stopping application "backorder-history-srv"...#
#2026 05 01 12:04:18.931#Z#DEBUG#c8df2564-4555-11f1-8bc2-eeee0a96607a.OPERATION#flowable-async-job-executor-thread-26779#
[StopAppStep] Stopping application "backorder-history-srv"...#
#2026 05 01 12:04:19.063#Z#DEBUG#c8df2564-4555-11f1-8bc2-eeee0a96607a.OPERATION#flowable-async-job-executor-thread-26776#
[StopAppStep] Application "backorder-history-app" stopped#
#2026 05 01 12:04:19.063#Z#DEBUG#c8df2564-4555-11f1-8bc2-eeee0a96607a.OPERATION#flowable-async-job-executor-thread-26776#
[StopAppStep] Getting environment of application "876be8d1-9913-44ab-8f26-ed3ed370fa88"...#
#2026 05 01 12:04:19.071#Z#DEBUG#c8df2564-4555-11f1-8bc2-eeee0a96607a.OPERATION#flowable-async-job-executor-thread-26779#
[StopAppStep] Application "backorder-history-srv" stopped#
#2026 05 01 12:04:19.071#Z#DEBUG#c8df2564-4555-11f1-8bc2-eeee0a96607a.OPERATION#flowable-async-job-executor-thread-26779#
[StopAppStep] Getting environment of application "73ed2dc8-b263-4a3d-9470-8f8b426a9085"...#
#2026 05 01 12:04:19.097#Z#DEBUG#c8df2564-4555-11f1-8bc2-eeee0a96607a.OPERATION#flowable-async-job-executor-thread-26776#
Step "Stop App" finished#
#2026 05 01 12:04:19.098#Z#DEBUG#c8df2564-4555-11f1-8bc2-eeee0a96607a.OPERATION#flowable-async-job-executor-thread-26779#
Step "Stop App" finished#
#2026 05 01 12:04:19.138#Z#DEBUG#c8df2564-4555-11f1-8bc2-eeee0a96607a.OPERATION#flowable-async-job-executor-thread-26779#
[StageAppStep] Executing task "stageAppTask" of process "e1fa7424-4555-11f1-8bc2-eeee0a96607a"...#
#2026 05 01 12:04:19.139#Z#DEBUG#c8df2564-4555-11f1-8bc2-eeee0a96607a.OPERATION#flowable-async-job-executor-thread-26779#
[StageAppStep] Application stage timeout is default one: 3,600 seconds#
#2026 05 01 12:04:19.141#Z#INFO#c8df2564-4555-11f1-8bc2-eeee0a96607a.OPERATION#flowable-async-job-executor-thread-26779#
[StageAppStep] Staging application "backorder-history-srv"...#
#2026 05 01 12:04:19.142#Z#DEBUG#c8df2564-4555-11f1-8bc2-eeee0a96607a.OPERATION#flowable-async-job-executor-thread-26776#
[StageAppStep] Executing task "stageAppTask" of process "e1fa4d0d-4555-11f1-8bc2-eeee0a96607a"...#
#2026 05 01 12:04:19.143#Z#DEBUG#c8df2564-4555-11f1-8bc2-eeee0a96607a.OPERATION#flowable-async-job-executor-thread-26776#
[StageAppStep] Application stage timeout is default one: 3,600 seconds#
#2026 05 01 12:04:19.145#Z#INFO#c8df2564-4555-11f1-8bc2-eeee0a96607a.OPERATION#flowable-async-job-executor-thread-26776#
[StageAppStep] Staging application "backorder-history-app"...#
#2026 05 01 12:04:19.147#Z#DEBUG#c8df2564-4555-11f1-8bc2-eeee0a96607a.OPERATION#flowable-async-job-executor-thread-26779#
[StageAppStep] Creating build for package "b867fd18-9163-4d4a-9871-a91cdd49a49f"...#
#2026 05 01 12:04:19.149#Z#DEBUG#c8df2564-4555-11f1-8bc2-eeee0a96607a.OPERATION#flowable-async-job-executor-thread-26776#
[StageAppStep] Creating build for package "9fda2837-8b22-47d3-af6f-bb60f2598c96"...#
#2026 05 01 12:04:19.558#Z#DEBUG#c8df2564-4555-11f1-8bc2-eeee0a96607a.OPERATION#flowable-async-job-executor-thread-26779#
Step "Stage App" finished#
#2026 05 01 12:04:19.684#Z#DEBUG#c8df2564-4555-11f1-8bc2-eeee0a96607a.OPERATION#flowable-async-job-executor-thread-26776#
Step "Stage App" finished#
#2026 05 01 12:04:15.083#Z#DEBUG#c8df2564-4555-11f1-8bc2-eeee0a96607a.OPERATION#App upload monitor: b867fd18-9163-4d4a-9871-a91cdd49a49f#
[UploadAppStep] Upload status: PROCESSING_UPLOAD#
#2026 05 01 12:04:20.126#Z#DEBUG#c8df2564-4555-11f1-8bc2-eeee0a96607a.OPERATION#App upload monitor: b867fd18-9163-4d4a-9871-a91cdd49a49f#
[UploadAppStep] Upload status: READY#
#2026 05 01 12:04:28.591#Z#DEBUG#c8df2564-4555-11f1-8bc2-eeee0a96607a.OPERATION#flowable-async-job-executor-thread-26783#
[StageAppStep] Executing task "stageAppTask" of process "e1fa7424-4555-11f1-8bc2-eeee0a96607a"...#
#2026 05 01 12:04:28.592#Z#DEBUG#c8df2564-4555-11f1-8bc2-eeee0a96607a.OPERATION#flowable-async-job-executor-thread-26783#
[StageAppStep] Application stage timeout is default one: 3,600 seconds#
#2026 05 01 12:04:28.593#Z#DEBUG#c8df2564-4555-11f1-8bc2-eeee0a96607a.OPERATION#flowable-async-job-executor-thread-26783#
[StageAppStep] Checking status of application "backorder-history-srv"...#
#2026 05 01 12:04:28.593#Z#DEBUG#c8df2564-4555-11f1-8bc2-eeee0a96607a.OPERATION#flowable-async-job-executor-thread-26783#
[StageAppStep] Getting build "a8f3d7f0-cc38-4205-80ef-500bbeba8da7"...#
#2026 05 01 12:04:28.602#Z#DEBUG#c8df2564-4555-11f1-8bc2-eeee0a96607a.OPERATION#flowable-async-job-executor-thread-26787#
[StageAppStep] Executing task "stageAppTask" of process "d0c4532f-4555-11f1-8bc2-eeee0a96607a"...#
#2026 05 01 12:04:28.603#Z#DEBUG#c8df2564-4555-11f1-8bc2-eeee0a96607a.OPERATION#flowable-async-job-executor-thread-26787#
[StageAppStep] Application stage timeout is default one: 3,600 seconds#
#2026 05 01 12:04:28.603#Z#DEBUG#c8df2564-4555-11f1-8bc2-eeee0a96607a.OPERATION#flowable-async-job-executor-thread-26787#
[StageAppStep] Checking status of application "backorder-history-db-deployer"...#
#2026 05 01 12:04:28.603#Z#DEBUG#c8df2564-4555-11f1-8bc2-eeee0a96607a.OPERATION#flowable-async-job-executor-thread-26787#
[StageAppStep] Getting build "372dfc86-e929-4494-9ef3-9c731c1763b3"...#
#2026 05 01 12:04:28.627#Z#DEBUG#c8df2564-4555-11f1-8bc2-eeee0a96607a.OPERATION#flowable-async-job-executor-thread-26783#
[StageAppStep] Staging status of application "backorder-history-srv": PENDING#
#2026 05 01 12:04:28.628#Z#DEBUG#c8df2564-4555-11f1-8bc2-eeee0a96607a.OPERATION#flowable-async-job-executor-thread-26783#
[StageAppStep] Getting application guid "backorder-history-srv"...#
#2026 05 01 12:04:28.629#Z#DEBUG#c8df2564-4555-11f1-8bc2-eeee0a96607a.OPERATION#flowable-async-job-executor-thread-26787#
[StageAppStep] Staging status of application "backorder-history-db-deployer": PENDING#
#2026 05 01 12:04:28.631#Z#DEBUG#c8df2564-4555-11f1-8bc2-eeee0a96607a.OPERATION#flowable-async-job-executor-thread-26787#
[StageAppStep] Getting application guid "backorder-history-db-deployer"...#
#2026 05 01 12:04:28.728#Z#DEBUG#c8df2564-4555-11f1-8bc2-eeee0a96607a.OPERATION#flowable-async-job-executor-thread-26787#
Step "Stage App" finished#
#2026 05 01 12:04:28.732#Z#DEBUG#c8df2564-4555-11f1-8bc2-eeee0a96607a.OPERATION#flowable-async-job-executor-thread-26783#
Step "Stage App" finished#
#2026 05 01 12:04:28.632#Z#DEBUG#c8df2564-4555-11f1-8bc2-eeee0a96607a.OPERATION#flowable-async-job-executor-thread-10541#
[StageAppStep] Executing task "stageAppTask" of process "e1fa4d0d-4555-11f1-8bc2-eeee0a96607a"...#
#2026 05 01 12:04:28.633#Z#DEBUG#c8df2564-4555-11f1-8bc2-eeee0a96607a.OPERATION#flowable-async-job-executor-thread-10541#
[StageAppStep] Application stage timeout is default one: 3,600 seconds#
#2026 05 01 12:04:28.635#Z#DEBUG#c8df2564-4555-11f1-8bc2-eeee0a96607a.OPERATION#flowable-async-job-executor-thread-10541#
[StageAppStep] Checking status of application "backorder-history-app"...#
#2026 05 01 12:04:28.635#Z#DEBUG#c8df2564-4555-11f1-8bc2-eeee0a96607a.OPERATION#flowable-async-job-executor-thread-10541#
[StageAppStep] Getting build "e029016b-07b7-46f3-9458-8803078bd36f"...#
#2026 05 01 12:04:28.676#Z#DEBUG#c8df2564-4555-11f1-8bc2-eeee0a96607a.OPERATION#flowable-async-job-executor-thread-10541#
[StageAppStep] Staging status of application "backorder-history-app": PENDING#
#2026 05 01 12:04:28.677#Z#DEBUG#c8df2564-4555-11f1-8bc2-eeee0a96607a.OPERATION#flowable-async-job-executor-thread-10541#
[StageAppStep] Getting application guid "backorder-history-app"...#
#2026 05 01 12:04:28.783#Z#DEBUG#c8df2564-4555-11f1-8bc2-eeee0a96607a.OPERATION#flowable-async-job-executor-thread-10541#
Step "Stage App" finished#
#2026 05 01 12:04:38.632#Z#DEBUG#c8df2564-4555-11f1-8bc2-eeee0a96607a.OPERATION#flowable-async-job-executor-thread-26791#
[StageAppStep] Executing task "stageAppTask" of process "d0c4532f-4555-11f1-8bc2-eeee0a96607a"...#
#2026 05 01 12:04:38.633#Z#DEBUG#c8df2564-4555-11f1-8bc2-eeee0a96607a.OPERATION#flowable-async-job-executor-thread-26791#
[StageAppStep] Application stage timeout is default one: 3,600 seconds#
#2026 05 01 12:04:38.634#Z#DEBUG#c8df2564-4555-11f1-8bc2-eeee0a96607a.OPERATION#flowable-async-job-executor-thread-26791#
[StageAppStep] Checking status of application "backorder-history-db-deployer"...#
#2026 05 01 12:04:38.634#Z#DEBUG#c8df2564-4555-11f1-8bc2-eeee0a96607a.OPERATION#flowable-async-job-executor-thread-26791#
[StageAppStep] Getting build "372dfc86-e929-4494-9ef3-9c731c1763b3"...#
#2026 05 01 12:04:38.641#Z#DEBUG#c8df2564-4555-11f1-8bc2-eeee0a96607a.OPERATION#flowable-async-job-executor-thread-26793#
[StageAppStep] Executing task "stageAppTask" of process "e1fa4d0d-4555-11f1-8bc2-eeee0a96607a"...#
#2026 05 01 12:04:38.642#Z#DEBUG#c8df2564-4555-11f1-8bc2-eeee0a96607a.OPERATION#flowable-async-job-executor-thread-26793#
[StageAppStep] Application stage timeout is default one: 3,600 seconds#
#2026 05 01 12:04:38.643#Z#DEBUG#c8df2564-4555-11f1-8bc2-eeee0a96607a.OPERATION#flowable-async-job-executor-thread-26793#
[StageAppStep] Checking status of application "backorder-history-app"...#
#2026 05 01 12:04:38.643#Z#DEBUG#c8df2564-4555-11f1-8bc2-eeee0a96607a.OPERATION#flowable-async-job-executor-thread-26793#
[StageAppStep] Getting build "e029016b-07b7-46f3-9458-8803078bd36f"...#
#2026 05 01 12:04:38.659#Z#DEBUG#c8df2564-4555-11f1-8bc2-eeee0a96607a.OPERATION#flowable-async-job-executor-thread-26792#
[StageAppStep] Executing task "stageAppTask" of process "e1fa7424-4555-11f1-8bc2-eeee0a96607a"...#
#2026 05 01 12:04:38.660#Z#DEBUG#c8df2564-4555-11f1-8bc2-eeee0a96607a.OPERATION#flowable-async-job-executor-thread-26792#
[StageAppStep] Application stage timeout is default one: 3,600 seconds#
#2026 05 01 12:04:38.661#Z#DEBUG#c8df2564-4555-11f1-8bc2-eeee0a96607a.OPERATION#flowable-async-job-executor-thread-26792#
[StageAppStep] Checking status of application "backorder-history-srv"...#
#2026 05 01 12:04:38.661#Z#DEBUG#c8df2564-4555-11f1-8bc2-eeee0a96607a.OPERATION#flowable-async-job-executor-thread-26792#
[StageAppStep] Getting build "a8f3d7f0-cc38-4205-80ef-500bbeba8da7"...#
#2026 05 01 12:04:38.671#Z#DEBUG#c8df2564-4555-11f1-8bc2-eeee0a96607a.OPERATION#flowable-async-job-executor-thread-26791#
[StageAppStep] Staging status of application "backorder-history-db-deployer": STAGED#
#2026 05 01 12:04:38.672#Z#DEBUG#c8df2564-4555-11f1-8bc2-eeee0a96607a.OPERATION#flowable-async-job-executor-thread-26791#
[StageAppStep] Getting application guid "backorder-history-db-deployer"...#
#2026 05 01 12:04:38.676#Z#DEBUG#c8df2564-4555-11f1-8bc2-eeee0a96607a.OPERATION#flowable-async-job-executor-thread-26793#
[StageAppStep] Staging status of application "backorder-history-app": PENDING#
#2026 05 01 12:04:38.676#Z#DEBUG#c8df2564-4555-11f1-8bc2-eeee0a96607a.OPERATION#flowable-async-job-executor-thread-26793#
[StageAppStep] Getting application guid "backorder-history-app"...#
#2026 05 01 12:04:38.692#Z#DEBUG#c8df2564-4555-11f1-8bc2-eeee0a96607a.OPERATION#flowable-async-job-executor-thread-26792#
[StageAppStep] Staging status of application "backorder-history-srv": PENDING#
#2026 05 01 12:04:38.693#Z#DEBUG#c8df2564-4555-11f1-8bc2-eeee0a96607a.OPERATION#flowable-async-job-executor-thread-26792#
[StageAppStep] Getting application guid "backorder-history-srv"...#
#2026 05 01 12:04:38.740#Z#DEBUG#c8df2564-4555-11f1-8bc2-eeee0a96607a.OPERATION#flowable-async-job-executor-thread-26793#
Step "Stage App" finished#
#2026 05 01 12:04:38.765#Z#DEBUG#c8df2564-4555-11f1-8bc2-eeee0a96607a.OPERATION#flowable-async-job-executor-thread-26791#
[StageAppStep] Getting build "372dfc86-e929-4494-9ef3-9c731c1763b3"...#
#2026 05 01 12:04:38.790#Z#DEBUG#c8df2564-4555-11f1-8bc2-eeee0a96607a.OPERATION#flowable-async-job-executor-thread-26791#
[StageAppStep] Binding droplet "dc08eac3-b42c-44cb-ae18-8de31298c686" to application "f3a667cb-a7f1-4bd3-8a4f-472dbd3ae857"...#
#2026 05 01 12:04:38.792#Z#DEBUG#c8df2564-4555-11f1-8bc2-eeee0a96607a.OPERATION#flowable-async-job-executor-thread-26792#
Step "Stage App" finished#
#2026 05 01 12:04:38.838#Z#INFO#c8df2564-4555-11f1-8bc2-eeee0a96607a.OPERATION#flowable-async-job-executor-thread-26791#
[StageAppStep] Application "backorder-history-db-deployer" staged#
#2026 05 01 12:04:38.846#Z#DEBUG#c8df2564-4555-11f1-8bc2-eeee0a96607a.OPERATION#flowable-async-job-executor-thread-26791#
Step "Stage App" finished#
#2026 05 01 12:04:38.930#Z#DEBUG#c8df2564-4555-11f1-8bc2-eeee0a96607a.OPERATION#flowable-async-job-executor-thread-26791#
[PrepareToExecuteTasksStep] Executing task "prepareToExecuteTasksTask" of process "edc5b61a-4555-11f1-8bc2-eeee0a96607a"...#
#2026 05 01 12:04:38.931#Z#DEBUG#c8df2564-4555-11f1-8bc2-eeee0a96607a.OPERATION#flowable-async-job-executor-thread-26791#
Step "Prepare To Execute Tasks" finished#
#2026 05 01 12:04:38.959#Z#DEBUG#c8df2564-4555-11f1-8bc2-eeee0a96607a.OPERATION#flowable-async-job-executor-thread-26791#
[ExecuteTaskStep] Executing task "executeTaskTask" of process "edc5b61a-4555-11f1-8bc2-eeee0a96607a"...#
#2026 05 01 12:04:38.960#Z#DEBUG#c8df2564-4555-11f1-8bc2-eeee0a96607a.OPERATION#flowable-async-job-executor-thread-26791#
[ExecuteTaskStep] Application task execution timeout is default one: 43,200 seconds#
#2026 05 01 12:04:38.962#Z#INFO#c8df2564-4555-11f1-8bc2-eeee0a96607a.OPERATION#flowable-async-job-executor-thread-26791#
[ExecuteTaskStep] Executing task "deploy" on application "backorder-history-db-deployer"...#
#2026 05 01 12:04:38.966#Z#DEBUG#c8df2564-4555-11f1-8bc2-eeee0a96607a.OPERATION#flowable-async-job-executor-thread-26791#
[ExecuteTaskStep] Running task on application "backorder-history-db-deployer": {
  "name" : "deploy",
  "command" : "npm start",
  "limits" : {
    "memory" : 256
  }
}#
#2026 05 01 12:04:39.293#Z#DEBUG#c8df2564-4555-11f1-8bc2-eeee0a96607a.OPERATION#flowable-async-job-executor-thread-26791#
Step "Execute Task" finished#
#2026 05 01 12:04:48.666#Z#DEBUG#c8df2564-4555-11f1-8bc2-eeee0a96607a.OPERATION#flowable-async-job-executor-thread-26798#
[ExecuteTaskStep] Executing task "executeTaskTask" of process "edc5b61a-4555-11f1-8bc2-eeee0a96607a"...#
#2026 05 01 12:04:48.667#Z#DEBUG#c8df2564-4555-11f1-8bc2-eeee0a96607a.OPERATION#flowable-async-job-executor-thread-26798#
[ExecuteTaskStep] Application task execution timeout is default one: 43,200 seconds#
#2026 05 01 12:04:48.668#Z#DEBUG#c8df2564-4555-11f1-8bc2-eeee0a96607a.OPERATION#flowable-async-job-executor-thread-26798#
[ExecuteTaskStep] Getting task "a9811478-8d23-4e67-ae08-cffb09309541"...#
#2026 05 01 12:04:48.700#Z#DEBUG#c8df2564-4555-11f1-8bc2-eeee0a96607a.OPERATION#flowable-async-job-executor-thread-26798#
[ExecuteTaskStep] Task execution status: succeeded#
#2026 05 01 12:04:48.702#Z#DEBUG#c8df2564-4555-11f1-8bc2-eeee0a96607a.OPERATION#flowable-async-job-executor-thread-26798#
[ExecuteTaskStep] Getting application guid "backorder-history-db-deployer"...#
#2026 05 01 12:04:48.823#Z#DEBUG#c8df2564-4555-11f1-8bc2-eeee0a96607a.OPERATION#flowable-async-job-executor-thread-26798#
Step "Execute Task" finished#
#2026 05 01 12:04:48.683#Z#DEBUG#c8df2564-4555-11f1-8bc2-eeee0a96607a.OPERATION#flowable-async-job-executor-thread-26801#
[StageAppStep] Executing task "stageAppTask" of process "e1fa7424-4555-11f1-8bc2-eeee0a96607a"...#
#2026 05 01 12:04:48.684#Z#DEBUG#c8df2564-4555-11f1-8bc2-eeee0a96607a.OPERATION#flowable-async-job-executor-thread-26801#
[StageAppStep] Application stage timeout is default one: 3,600 seconds#
#2026 05 01 12:04:48.684#Z#DEBUG#c8df2564-4555-11f1-8bc2-eeee0a96607a.OPERATION#flowable-async-job-executor-thread-26801#
[StageAppStep] Checking status of application "backorder-history-srv"...#
#2026 05 01 12:04:48.684#Z#DEBUG#c8df2564-4555-11f1-8bc2-eeee0a96607a.OPERATION#flowable-async-job-executor-thread-26801#
[StageAppStep] Getting build "a8f3d7f0-cc38-4205-80ef-500bbeba8da7"...#
#2026 05 01 12:04:48.719#Z#DEBUG#c8df2564-4555-11f1-8bc2-eeee0a96607a.OPERATION#flowable-async-job-executor-thread-26801#
[StageAppStep] Staging status of application "backorder-history-srv": PENDING#
#2026 05 01 12:04:48.720#Z#DEBUG#c8df2564-4555-11f1-8bc2-eeee0a96607a.OPERATION#flowable-async-job-executor-thread-26801#
[StageAppStep] Getting application guid "backorder-history-srv"...#
#2026 05 01 12:04:48.852#Z#DEBUG#c8df2564-4555-11f1-8bc2-eeee0a96607a.OPERATION#flowable-async-job-executor-thread-26801#
Step "Stage App" finished#
#2026 05 01 12:04:48.852#Z#DEBUG#c8df2564-4555-11f1-8bc2-eeee0a96607a.OPERATION#flowable-async-job-executor-thread-26798#
[IncrementIndexStep] Executing task "incrementTaskIndexTask" of process "edc5b61a-4555-11f1-8bc2-eeee0a96607a"...#
#2026 05 01 12:04:48.853#Z#DEBUG#c8df2564-4555-11f1-8bc2-eeee0a96607a.OPERATION#flowable-async-job-executor-thread-26798#
Step "Increment Task Index" finished#
#2026 05 01 12:04:48.704#Z#DEBUG#c8df2564-4555-11f1-8bc2-eeee0a96607a.OPERATION#flowable-async-job-executor-thread-10545#
[StageAppStep] Executing task "stageAppTask" of process "e1fa4d0d-4555-11f1-8bc2-eeee0a96607a"...#
#2026 05 01 12:04:48.705#Z#DEBUG#c8df2564-4555-11f1-8bc2-eeee0a96607a.OPERATION#flowable-async-job-executor-thread-10545#
[StageAppStep] Application stage timeout is default one: 3,600 seconds#
#2026 05 01 12:04:48.707#Z#DEBUG#c8df2564-4555-11f1-8bc2-eeee0a96607a.OPERATION#flowable-async-job-executor-thread-10545#
[StageAppStep] Checking status of application "backorder-history-app"...#
#2026 05 01 12:04:48.707#Z#DEBUG#c8df2564-4555-11f1-8bc2-eeee0a96607a.OPERATION#flowable-async-job-executor-thread-10545#
[StageAppStep] Getting build "e029016b-07b7-46f3-9458-8803078bd36f"...#
#2026 05 01 12:04:48.751#Z#DEBUG#c8df2564-4555-11f1-8bc2-eeee0a96607a.OPERATION#flowable-async-job-executor-thread-10545#
[StageAppStep] Staging status of application "backorder-history-app": PENDING#
#2026 05 01 12:04:48.752#Z#DEBUG#c8df2564-4555-11f1-8bc2-eeee0a96607a.OPERATION#flowable-async-job-executor-thread-10545#
[StageAppStep] Getting application guid "backorder-history-app"...#
#2026 05 01 12:04:48.852#Z#DEBUG#c8df2564-4555-11f1-8bc2-eeee0a96607a.OPERATION#flowable-async-job-executor-thread-10545#
Step "Stage App" finished#
#2026 05 01 12:04:48.903#Z#DEBUG#c8df2564-4555-11f1-8bc2-eeee0a96607a.OPERATION#flowable-async-job-executor-thread-26798#
[PublishConfigurationEntriesStep] Executing task "publishProvidedDependenciesTask" of process "d0c4532f-4555-11f1-8bc2-eeee0a96607a"...#
#2026 05 01 12:04:48.904#Z#DEBUG#c8df2564-4555-11f1-8bc2-eeee0a96607a.OPERATION#flowable-async-job-executor-thread-26798#
[PublishConfigurationEntriesStep] Publishing public provided dependencies for application "backorder-history-db-deployer"...#
#2026 05 01 12:04:48.905#Z#DEBUG#c8df2564-4555-11f1-8bc2-eeee0a96607a.OPERATION#flowable-async-job-executor-thread-26798#
[PublishConfigurationEntriesStep] No public provided dependencies for publishing#
#2026 05 01 12:04:48.905#Z#DEBUG#c8df2564-4555-11f1-8bc2-eeee0a96607a.OPERATION#flowable-async-job-executor-thread-26798#
Step "Publish Provided Dependencies" finished#
#2026 05 01 12:04:48.934#Z#DEBUG#c8df2564-4555-11f1-8bc2-eeee0a96607a.OPERATION#flowable-async-job-executor-thread-26798#
[CreateOrUpdateServiceBrokerStep] Executing task "createOrUpdateServiceBrokerTask" of process "d0c4532f-4555-11f1-8bc2-eeee0a96607a"...#
#2026 05 01 12:04:48.935#Z#DEBUG#c8df2564-4555-11f1-8bc2-eeee0a96607a.OPERATION#flowable-async-job-executor-thread-26798#
[CreateOrUpdateServiceBrokerStep] Creating service brokers...#
#2026 05 01 12:04:48.936#Z#DEBUG#c8df2564-4555-11f1-8bc2-eeee0a96607a.OPERATION#flowable-async-job-executor-thread-26798#
Step "Create Or Update Service Broker " finished#
#2026 05 01 12:04:58.743#Z#DEBUG#c8df2564-4555-11f1-8bc2-eeee0a96607a.OPERATION#flowable-async-job-executor-thread-26804#
[StageAppStep] Executing task "stageAppTask" of process "e1fa4d0d-4555-11f1-8bc2-eeee0a96607a"...#
#2026 05 01 12:04:58.744#Z#DEBUG#c8df2564-4555-11f1-8bc2-eeee0a96607a.OPERATION#flowable-async-job-executor-thread-26804#
[StageAppStep] Application stage timeout is default one: 3,600 seconds#
#2026 05 01 12:04:58.745#Z#DEBUG#c8df2564-4555-11f1-8bc2-eeee0a96607a.OPERATION#flowable-async-job-executor-thread-26804#
[StageAppStep] Checking status of application "backorder-history-app"...#
#2026 05 01 12:04:58.745#Z#DEBUG#c8df2564-4555-11f1-8bc2-eeee0a96607a.OPERATION#flowable-async-job-executor-thread-26804#
[StageAppStep] Getting build "e029016b-07b7-46f3-9458-8803078bd36f"...#
#2026 05 01 12:04:58.751#Z#DEBUG#c8df2564-4555-11f1-8bc2-eeee0a96607a.OPERATION#flowable-async-job-executor-thread-26805#
[StageAppStep] Executing task "stageAppTask" of process "e1fa7424-4555-11f1-8bc2-eeee0a96607a"...#
#2026 05 01 12:04:58.752#Z#DEBUG#c8df2564-4555-11f1-8bc2-eeee0a96607a.OPERATION#flowable-async-job-executor-thread-26805#
[StageAppStep] Application stage timeout is default one: 3,600 seconds#
#2026 05 01 12:04:58.752#Z#DEBUG#c8df2564-4555-11f1-8bc2-eeee0a96607a.OPERATION#flowable-async-job-executor-thread-26805#
[StageAppStep] Checking status of application "backorder-history-srv"...#
#2026 05 01 12:04:58.753#Z#DEBUG#c8df2564-4555-11f1-8bc2-eeee0a96607a.OPERATION#flowable-async-job-executor-thread-26805#
[StageAppStep] Getting build "a8f3d7f0-cc38-4205-80ef-500bbeba8da7"...#
#2026 05 01 12:04:58.769#Z#DEBUG#c8df2564-4555-11f1-8bc2-eeee0a96607a.OPERATION#flowable-async-job-executor-thread-26804#
[StageAppStep] Staging status of application "backorder-history-app": PENDING#
#2026 05 01 12:04:58.771#Z#DEBUG#c8df2564-4555-11f1-8bc2-eeee0a96607a.OPERATION#flowable-async-job-executor-thread-26804#
[StageAppStep] Getting application guid "backorder-history-app"...#
#2026 05 01 12:04:58.782#Z#DEBUG#c8df2564-4555-11f1-8bc2-eeee0a96607a.OPERATION#flowable-async-job-executor-thread-26805#
[StageAppStep] Staging status of application "backorder-history-srv": STAGED#
#2026 05 01 12:04:58.783#Z#DEBUG#c8df2564-4555-11f1-8bc2-eeee0a96607a.OPERATION#flowable-async-job-executor-thread-26805#
[StageAppStep] Getting application guid "backorder-history-srv"...#
#2026 05 01 12:04:58.840#Z#DEBUG#c8df2564-4555-11f1-8bc2-eeee0a96607a.OPERATION#flowable-async-job-executor-thread-26804#
Step "Stage App" finished#
#2026 05 01 12:04:58.851#Z#DEBUG#c8df2564-4555-11f1-8bc2-eeee0a96607a.OPERATION#flowable-async-job-executor-thread-26805#
[StageAppStep] Getting build "a8f3d7f0-cc38-4205-80ef-500bbeba8da7"...#
#2026 05 01 12:04:58.883#Z#DEBUG#c8df2564-4555-11f1-8bc2-eeee0a96607a.OPERATION#flowable-async-job-executor-thread-26805#
[StageAppStep] Binding droplet "c3fd4c25-49e9-498d-847f-aed09749585a" to application "73ed2dc8-b263-4a3d-9470-8f8b426a9085"...#
#2026 05 01 12:04:58.930#Z#INFO#c8df2564-4555-11f1-8bc2-eeee0a96607a.OPERATION#flowable-async-job-executor-thread-26805#
[StageAppStep] Application "backorder-history-srv" staged#
#2026 05 01 12:04:58.936#Z#DEBUG#c8df2564-4555-11f1-8bc2-eeee0a96607a.OPERATION#flowable-async-job-executor-thread-26805#
Step "Stage App" finished#
#2026 05 01 12:04:59.016#Z#DEBUG#c8df2564-4555-11f1-8bc2-eeee0a96607a.OPERATION#flowable-async-job-executor-thread-26806#
[RestartAppStep] Executing task "startAppTask" of process "e1fa7424-4555-11f1-8bc2-eeee0a96607a"...#
#2026 05 01 12:04:59.019#Z#DEBUG#c8df2564-4555-11f1-8bc2-eeee0a96607a.OPERATION#flowable-async-job-executor-thread-26806#
[RestartAppStep] Application start timeout is default one: 3,600 seconds#
#2026 05 01 12:04:59.024#Z#DEBUG#c8df2564-4555-11f1-8bc2-eeee0a96607a.OPERATION#flowable-async-job-executor-thread-26806#
[RestartAppStep] Getting application "backorder-history-srv"...#
#2026 05 01 12:04:59.064#Z#INFO#c8df2564-4555-11f1-8bc2-eeee0a96607a.OPERATION#flowable-async-job-executor-thread-26806#
[RestartAppStep] Starting application "backorder-history-srv"...#
#2026 05 01 12:04:59.069#Z#DEBUG#c8df2564-4555-11f1-8bc2-eeee0a96607a.OPERATION#flowable-async-job-executor-thread-26806#
[RestartAppStep] Starting application "backorder-history-srv"...#
#2026 05 01 12:04:59.318#Z#DEBUG#c8df2564-4555-11f1-8bc2-eeee0a96607a.OPERATION#flowable-async-job-executor-thread-26806#
Step "Start App" finished#
#2026 05 01 12:05:08.886#Z#DEBUG#c8df2564-4555-11f1-8bc2-eeee0a96607a.OPERATION#flowable-async-job-executor-thread-26813#
[RestartAppStep] Executing task "startAppTask" of process "f9f33c02-4555-11f1-8bc2-eeee0a96607a"...#
#2026 05 01 12:05:08.887#Z#DEBUG#c8df2564-4555-11f1-8bc2-eeee0a96607a.OPERATION#flowable-async-job-executor-thread-26813#
[RestartAppStep] Application start timeout is default one: 3,600 seconds#
#2026 05 01 12:05:08.888#Z#DEBUG#c8df2564-4555-11f1-8bc2-eeee0a96607a.OPERATION#flowable-async-job-executor-thread-26813#
[RestartAppStep] Checking status of application "backorder-history-srv"...#
#2026 05 01 12:05:08.888#Z#DEBUG#c8df2564-4555-11f1-8bc2-eeee0a96607a.OPERATION#flowable-async-job-executor-thread-26813#
[RestartAppStep] Getting application "backorder-history-srv"...#
#2026 05 01 12:05:08.928#Z#DEBUG#c8df2564-4555-11f1-8bc2-eeee0a96607a.OPERATION#flowable-async-job-executor-thread-26813#
[RestartAppStep] Getting instances for application "backorder-history-srv"...#
#2026 05 01 12:05:08.973#Z#DEBUG#c8df2564-4555-11f1-8bc2-eeee0a96607a.OPERATION#flowable-async-job-executor-thread-26813#
[RestartAppStep] Application "backorder-history-srv": 0 of 1 instances running (1 starting)#
#2026 05 01 12:05:09.032#Z#DEBUG#c8df2564-4555-11f1-8bc2-eeee0a96607a.OPERATION#flowable-async-job-executor-thread-26813#
Step "Start App" finished#
#2026 05 01 12:05:08.914#Z#DEBUG#c8df2564-4555-11f1-8bc2-eeee0a96607a.OPERATION#flowable-async-job-executor-thread-10560#
[StageAppStep] Executing task "stageAppTask" of process "e1fa4d0d-4555-11f1-8bc2-eeee0a96607a"...#
#2026 05 01 12:05:08.916#Z#DEBUG#c8df2564-4555-11f1-8bc2-eeee0a96607a.OPERATION#flowable-async-job-executor-thread-10560#
[StageAppStep] Application stage timeout is default one: 3,600 seconds#
#2026 05 01 12:05:08.918#Z#DEBUG#c8df2564-4555-11f1-8bc2-eeee0a96607a.OPERATION#flowable-async-job-executor-thread-10560#
[StageAppStep] Checking status of application "backorder-history-app"...#
#2026 05 01 12:05:08.918#Z#DEBUG#c8df2564-4555-11f1-8bc2-eeee0a96607a.OPERATION#flowable-async-job-executor-thread-10560#
[StageAppStep] Getting build "e029016b-07b7-46f3-9458-8803078bd36f"...#
#2026 05 01 12:05:08.964#Z#DEBUG#c8df2564-4555-11f1-8bc2-eeee0a96607a.OPERATION#flowable-async-job-executor-thread-10560#
[StageAppStep] Staging status of application "backorder-history-app": PENDING#
#2026 05 01 12:05:08.966#Z#DEBUG#c8df2564-4555-11f1-8bc2-eeee0a96607a.OPERATION#flowable-async-job-executor-thread-10560#
[StageAppStep] Getting application guid "backorder-history-app"...#
#2026 05 01 12:05:09.065#Z#DEBUG#c8df2564-4555-11f1-8bc2-eeee0a96607a.OPERATION#flowable-async-job-executor-thread-10560#
Step "Stage App" finished#
#2026 05 01 12:05:18.853#Z#DEBUG#c8df2564-4555-11f1-8bc2-eeee0a96607a.OPERATION#flowable-async-job-executor-thread-26822#
[StageAppStep] Executing task "stageAppTask" of process "e1fa4d0d-4555-11f1-8bc2-eeee0a96607a"...#
#2026 05 01 12:05:18.854#Z#DEBUG#c8df2564-4555-11f1-8bc2-eeee0a96607a.OPERATION#flowable-async-job-executor-thread-26822#
[StageAppStep] Application stage timeout is default one: 3,600 seconds#
#2026 05 01 12:05:18.854#Z#DEBUG#c8df2564-4555-11f1-8bc2-eeee0a96607a.OPERATION#flowable-async-job-executor-thread-26822#
[StageAppStep] Checking status of application "backorder-history-app"...#
#2026 05 01 12:05:18.854#Z#DEBUG#c8df2564-4555-11f1-8bc2-eeee0a96607a.OPERATION#flowable-async-job-executor-thread-26822#
[StageAppStep] Getting build "e029016b-07b7-46f3-9458-8803078bd36f"...#
#2026 05 01 12:05:18.885#Z#DEBUG#c8df2564-4555-11f1-8bc2-eeee0a96607a.OPERATION#flowable-async-job-executor-thread-26822#
[StageAppStep] Staging status of application "backorder-history-app": PENDING#
#2026 05 01 12:05:18.886#Z#DEBUG#c8df2564-4555-11f1-8bc2-eeee0a96607a.OPERATION#flowable-async-job-executor-thread-26822#
[StageAppStep] Getting application guid "backorder-history-app"...#
#2026 05 01 12:05:18.953#Z#DEBUG#c8df2564-4555-11f1-8bc2-eeee0a96607a.OPERATION#flowable-async-job-executor-thread-26822#
Step "Stage App" finished#
#2026 05 01 12:05:18.894#Z#DEBUG#c8df2564-4555-11f1-8bc2-eeee0a96607a.OPERATION#flowable-async-job-executor-thread-10562#
[RestartAppStep] Executing task "startAppTask" of process "ffbd9fbc-4555-11f1-8bc2-eeee0a96607a"...#
#2026 05 01 12:05:18.897#Z#DEBUG#c8df2564-4555-11f1-8bc2-eeee0a96607a.OPERATION#flowable-async-job-executor-thread-10562#
[RestartAppStep] Application start timeout is default one: 3,600 seconds#
#2026 05 01 12:05:18.899#Z#DEBUG#c8df2564-4555-11f1-8bc2-eeee0a96607a.OPERATION#flowable-async-job-executor-thread-10562#
[RestartAppStep] Checking status of application "backorder-history-srv"...#
#2026 05 01 12:05:18.901#Z#DEBUG#c8df2564-4555-11f1-8bc2-eeee0a96607a.OPERATION#flowable-async-job-executor-thread-10562#
[RestartAppStep] Getting instances for application "backorder-history-srv"...#
#2026 05 01 12:05:18.942#Z#DEBUG#c8df2564-4555-11f1-8bc2-eeee0a96607a.OPERATION#flowable-async-job-executor-thread-10562#
[RestartAppStep] Application "backorder-history-srv": 1 of 1 instances running (1 running)#
#2026 05 01 12:05:18.973#Z#DEBUG#c8df2564-4555-11f1-8bc2-eeee0a96607a.OPERATION#flowable-async-job-executor-thread-10562#
[RestartAppStep] Getting routes for application "73ed2dc8-b263-4a3d-9470-8f8b426a9085"...#
#2026 05 01 12:05:19.017#Z#INFO#c8df2564-4555-11f1-8bc2-eeee0a96607a.OPERATION#flowable-async-job-executor-thread-10562#
[RestartAppStep] Application "backorder-history-srv" started and available at "994ae882trial-dev-backorder-history-srv.cfapps.us10-001.hana.ondemand.com"#
#2026 05 01 12:05:19.029#Z#DEBUG#c8df2564-4555-11f1-8bc2-eeee0a96607a.OPERATION#flowable-async-job-executor-thread-10562#
Step "Start App" finished#
#2026 05 01 12:05:28.915#Z#DEBUG#c8df2564-4555-11f1-8bc2-eeee0a96607a.OPERATION#flowable-async-job-executor-thread-10565#
[RestartAppStep] Executing task "startAppTask" of process "05b3cfc0-4556-11f1-a7f9-eeee0a89742b"...#
#2026 05 01 12:05:28.918#Z#DEBUG#c8df2564-4555-11f1-8bc2-eeee0a96607a.OPERATION#flowable-async-job-executor-thread-10565#
[RestartAppStep] Application start timeout is default one: 3,600 seconds#
#2026 05 01 12:05:28.921#Z#DEBUG#c8df2564-4555-11f1-8bc2-eeee0a96607a.OPERATION#flowable-async-job-executor-thread-10565#
Step "Start App" finished#
#2026 05 01 12:05:29.097#Z#DEBUG#c8df2564-4555-11f1-8bc2-eeee0a96607a.OPERATION#flowable-async-job-executor-thread-10568#
[PrepareToExecuteTasksStep] Executing task "prepareToExecuteTasksTask" of process "0ba67ba2-4556-11f1-a7f9-eeee0a89742b"...#
#2026 05 01 12:05:29.100#Z#DEBUG#c8df2564-4555-11f1-8bc2-eeee0a96607a.OPERATION#flowable-async-job-executor-thread-10568#
Step "Prepare To Execute Tasks" finished#
#2026 05 01 12:05:28.912#Z#DEBUG#c8df2564-4555-11f1-8bc2-eeee0a96607a.OPERATION#flowable-async-job-executor-thread-26830#
[StageAppStep] Executing task "stageAppTask" of process "e1fa4d0d-4555-11f1-8bc2-eeee0a96607a"...#
#2026 05 01 12:05:28.913#Z#DEBUG#c8df2564-4555-11f1-8bc2-eeee0a96607a.OPERATION#flowable-async-job-executor-thread-26830#
[StageAppStep] Application stage timeout is default one: 3,600 seconds#
#2026 05 01 12:05:28.914#Z#DEBUG#c8df2564-4555-11f1-8bc2-eeee0a96607a.OPERATION#flowable-async-job-executor-thread-26830#
[StageAppStep] Checking status of application "backorder-history-app"...#
#2026 05 01 12:05:28.914#Z#DEBUG#c8df2564-4555-11f1-8bc2-eeee0a96607a.OPERATION#flowable-async-job-executor-thread-26830#
[StageAppStep] Getting build "e029016b-07b7-46f3-9458-8803078bd36f"...#
#2026 05 01 12:05:28.943#Z#DEBUG#c8df2564-4555-11f1-8bc2-eeee0a96607a.OPERATION#flowable-async-job-executor-thread-26830#
[StageAppStep] Staging status of application "backorder-history-app": STAGED#
#2026 05 01 12:05:28.944#Z#DEBUG#c8df2564-4555-11f1-8bc2-eeee0a96607a.OPERATION#flowable-async-job-executor-thread-26830#
[StageAppStep] Getting application guid "backorder-history-app"...#
#2026 05 01 12:05:29.035#Z#DEBUG#c8df2564-4555-11f1-8bc2-eeee0a96607a.OPERATION#flowable-async-job-executor-thread-26830#
[StageAppStep] Getting build "e029016b-07b7-46f3-9458-8803078bd36f"...#
#2026 05 01 12:05:29.067#Z#DEBUG#c8df2564-4555-11f1-8bc2-eeee0a96607a.OPERATION#flowable-async-job-executor-thread-26830#
[StageAppStep] Binding droplet "2c6a506d-7599-47e4-a7c1-0041ada37957" to application "876be8d1-9913-44ab-8f26-ed3ed370fa88"...#
#2026 05 01 12:05:29.117#Z#INFO#c8df2564-4555-11f1-8bc2-eeee0a96607a.OPERATION#flowable-async-job-executor-thread-26830#
[StageAppStep] Application "backorder-history-app" staged#
#2026 05 01 12:05:29.125#Z#DEBUG#c8df2564-4555-11f1-8bc2-eeee0a96607a.OPERATION#flowable-async-job-executor-thread-26830#
Step "Stage App" finished#
#2026 05 01 12:05:29.222#Z#DEBUG#c8df2564-4555-11f1-8bc2-eeee0a96607a.OPERATION#flowable-async-job-executor-thread-10570#
[PublishConfigurationEntriesStep] Executing task "publishProvidedDependenciesTask" of process "0b990e01-4556-11f1-a7f9-eeee0a89742b"...#
#2026 05 01 12:05:29.223#Z#DEBUG#c8df2564-4555-11f1-8bc2-eeee0a96607a.OPERATION#flowable-async-job-executor-thread-10570#
[PublishConfigurationEntriesStep] Publishing public provided dependencies for application "backorder-history-srv"...#
#2026 05 01 12:05:29.226#Z#DEBUG#c8df2564-4555-11f1-8bc2-eeee0a96607a.OPERATION#flowable-async-job-executor-thread-10570#
[PublishConfigurationEntriesStep] No public provided dependencies for publishing#
#2026 05 01 12:05:29.226#Z#DEBUG#c8df2564-4555-11f1-8bc2-eeee0a96607a.OPERATION#flowable-async-job-executor-thread-10570#
Step "Publish Provided Dependencies" finished#
#2026 05 01 12:05:29.286#Z#DEBUG#c8df2564-4555-11f1-8bc2-eeee0a96607a.OPERATION#flowable-async-job-executor-thread-10570#
[CreateOrUpdateServiceBrokerStep] Executing task "createOrUpdateServiceBrokerTask" of process "0b990e01-4556-11f1-a7f9-eeee0a89742b"...#
#2026 05 01 12:05:29.289#Z#DEBUG#c8df2564-4555-11f1-8bc2-eeee0a96607a.OPERATION#flowable-async-job-executor-thread-10570#
[CreateOrUpdateServiceBrokerStep] Creating service brokers...#
#2026 05 01 12:05:29.290#Z#DEBUG#c8df2564-4555-11f1-8bc2-eeee0a96607a.OPERATION#flowable-async-job-executor-thread-10570#
Step "Create Or Update Service Broker " finished#
#2026 05 01 12:05:29.195#Z#DEBUG#c8df2564-4555-11f1-8bc2-eeee0a96607a.OPERATION#flowable-async-job-executor-thread-26830#
[RestartAppStep] Executing task "startAppTask" of process "e1fa4d0d-4555-11f1-8bc2-eeee0a96607a"...#
#2026 05 01 12:05:29.197#Z#DEBUG#c8df2564-4555-11f1-8bc2-eeee0a96607a.OPERATION#flowable-async-job-executor-thread-26830#
[RestartAppStep] Application start timeout is default one: 3,600 seconds#
#2026 05 01 12:05:29.201#Z#DEBUG#c8df2564-4555-11f1-8bc2-eeee0a96607a.OPERATION#flowable-async-job-executor-thread-26830#
[RestartAppStep] Getting application "backorder-history-app"...#
#2026 05 01 12:05:29.240#Z#INFO#c8df2564-4555-11f1-8bc2-eeee0a96607a.OPERATION#flowable-async-job-executor-thread-26830#
[RestartAppStep] Starting application "backorder-history-app"...#
#2026 05 01 12:05:29.245#Z#DEBUG#c8df2564-4555-11f1-8bc2-eeee0a96607a.OPERATION#flowable-async-job-executor-thread-26830#
[RestartAppStep] Starting application "backorder-history-app"...#
#2026 05 01 12:05:29.485#Z#DEBUG#c8df2564-4555-11f1-8bc2-eeee0a96607a.OPERATION#flowable-async-job-executor-thread-26830#
Step "Start App" finished#
#2026 05 01 12:05:38.922#Z#DEBUG#c8df2564-4555-11f1-8bc2-eeee0a96607a.OPERATION#flowable-async-job-executor-thread-26836#
[RestartAppStep] Executing task "startAppTask" of process "0beea8a2-4556-11f1-8bc2-eeee0a96607a"...#
#2026 05 01 12:05:38.924#Z#DEBUG#c8df2564-4555-11f1-8bc2-eeee0a96607a.OPERATION#flowable-async-job-executor-thread-26836#
[RestartAppStep] Application start timeout is default one: 3,600 seconds#
#2026 05 01 12:05:38.925#Z#DEBUG#c8df2564-4555-11f1-8bc2-eeee0a96607a.OPERATION#flowable-async-job-executor-thread-26836#
[RestartAppStep] Checking status of application "backorder-history-app"...#
#2026 05 01 12:05:38.925#Z#DEBUG#c8df2564-4555-11f1-8bc2-eeee0a96607a.OPERATION#flowable-async-job-executor-thread-26836#
[RestartAppStep] Getting application "backorder-history-app"...#
#2026 05 01 12:05:38.970#Z#DEBUG#c8df2564-4555-11f1-8bc2-eeee0a96607a.OPERATION#flowable-async-job-executor-thread-26836#
[RestartAppStep] Getting instances for application "backorder-history-app"...#
#2026 05 01 12:05:39.031#Z#DEBUG#c8df2564-4555-11f1-8bc2-eeee0a96607a.OPERATION#flowable-async-job-executor-thread-26836#
[RestartAppStep] Application "backorder-history-app": 0 of 1 instances running (1 starting)#
#2026 05 01 12:05:39.068#Z#DEBUG#c8df2564-4555-11f1-8bc2-eeee0a96607a.OPERATION#flowable-async-job-executor-thread-26836#
Step "Start App" finished#
#2026 05 01 12:05:48.958#Z#DEBUG#c8df2564-4555-11f1-8bc2-eeee0a96607a.OPERATION#flowable-async-job-executor-thread-26844#
[RestartAppStep] Executing task "startAppTask" of process "11a4e8cb-4556-11f1-8bc2-eeee0a96607a"...#
#2026 05 01 12:05:48.960#Z#DEBUG#c8df2564-4555-11f1-8bc2-eeee0a96607a.OPERATION#flowable-async-job-executor-thread-26844#
[RestartAppStep] Application start timeout is default one: 3,600 seconds#
#2026 05 01 12:05:48.961#Z#DEBUG#c8df2564-4555-11f1-8bc2-eeee0a96607a.OPERATION#flowable-async-job-executor-thread-26844#
[RestartAppStep] Checking status of application "backorder-history-app"...#
#2026 05 01 12:05:48.962#Z#DEBUG#c8df2564-4555-11f1-8bc2-eeee0a96607a.OPERATION#flowable-async-job-executor-thread-26844#
[RestartAppStep] Getting instances for application "backorder-history-app"...#
#2026 05 01 12:05:49.022#Z#DEBUG#c8df2564-4555-11f1-8bc2-eeee0a96607a.OPERATION#flowable-async-job-executor-thread-26844#
[RestartAppStep] Application "backorder-history-app": 0 of 1 instances running (1 starting)#
#2026 05 01 12:05:49.060#Z#DEBUG#c8df2564-4555-11f1-8bc2-eeee0a96607a.OPERATION#flowable-async-job-executor-thread-26844#
Step "Start App" finished#
#2026 05 01 12:05:58.966#Z#DEBUG#c8df2564-4555-11f1-8bc2-eeee0a96607a.OPERATION#flowable-async-job-executor-thread-26854#
[RestartAppStep] Executing task "startAppTask" of process "17996a65-4556-11f1-8bc2-eeee0a96607a"...#
#2026 05 01 12:05:58.967#Z#DEBUG#c8df2564-4555-11f1-8bc2-eeee0a96607a.OPERATION#flowable-async-job-executor-thread-26854#
[RestartAppStep] Application start timeout is default one: 3,600 seconds#
#2026 05 01 12:05:58.968#Z#DEBUG#c8df2564-4555-11f1-8bc2-eeee0a96607a.OPERATION#flowable-async-job-executor-thread-26854#
[RestartAppStep] Checking status of application "backorder-history-app"...#
#2026 05 01 12:05:58.969#Z#DEBUG#c8df2564-4555-11f1-8bc2-eeee0a96607a.OPERATION#flowable-async-job-executor-thread-26854#
[RestartAppStep] Getting instances for application "backorder-history-app"...#
#2026 05 01 12:05:59.027#Z#DEBUG#c8df2564-4555-11f1-8bc2-eeee0a96607a.OPERATION#flowable-async-job-executor-thread-26854#
[RestartAppStep] Application "backorder-history-app": 0 of 1 instances running (1 starting)#
#2026 05 01 12:05:59.087#Z#DEBUG#c8df2564-4555-11f1-8bc2-eeee0a96607a.OPERATION#flowable-async-job-executor-thread-26854#
Step "Start App" finished#
#2026 05 01 12:06:09.045#Z#DEBUG#c8df2564-4555-11f1-8bc2-eeee0a96607a.OPERATION#flowable-async-job-executor-thread-26862#
[RestartAppStep] Executing task "startAppTask" of process "1d9369a7-4556-11f1-8bc2-eeee0a96607a"...#
#2026 05 01 12:06:09.046#Z#DEBUG#c8df2564-4555-11f1-8bc2-eeee0a96607a.OPERATION#flowable-async-job-executor-thread-26862#
[RestartAppStep] Application start timeout is default one: 3,600 seconds#
#2026 05 01 12:06:09.048#Z#DEBUG#c8df2564-4555-11f1-8bc2-eeee0a96607a.OPERATION#flowable-async-job-executor-thread-26862#
[RestartAppStep] Checking status of application "backorder-history-app"...#
#2026 05 01 12:06:09.048#Z#DEBUG#c8df2564-4555-11f1-8bc2-eeee0a96607a.OPERATION#flowable-async-job-executor-thread-26862#
[RestartAppStep] Getting instances for application "backorder-history-app"...#
#2026 05 01 12:06:09.095#Z#DEBUG#c8df2564-4555-11f1-8bc2-eeee0a96607a.OPERATION#flowable-async-job-executor-thread-26862#
[RestartAppStep] Application "backorder-history-app": 0 of 1 instances running (1 starting)#
#2026 05 01 12:06:09.152#Z#DEBUG#c8df2564-4555-11f1-8bc2-eeee0a96607a.OPERATION#flowable-async-job-executor-thread-26862#
Step "Start App" finished#
#2026 05 01 12:06:19.200#Z#DEBUG#c8df2564-4555-11f1-8bc2-eeee0a96607a.OPERATION#flowable-async-job-executor-thread-10986#
[RestartAppStep] Executing task "startAppTask" of process "239383a0-4556-11f1-8bc2-eeee0a96607a"...#
#2026 05 01 12:06:19.203#Z#DEBUG#c8df2564-4555-11f1-8bc2-eeee0a96607a.OPERATION#flowable-async-job-executor-thread-10986#
[RestartAppStep] Application start timeout is default one: 3,600 seconds#
#2026 05 01 12:06:19.270#Z#DEBUG#c8df2564-4555-11f1-8bc2-eeee0a96607a.OPERATION#flowable-async-job-executor-thread-10986#
[RestartAppStep] Checking status of application "backorder-history-app"...#
#2026 05 01 12:06:19.271#Z#DEBUG#c8df2564-4555-11f1-8bc2-eeee0a96607a.OPERATION#flowable-async-job-executor-thread-10986#
[RestartAppStep] Getting instances for application "backorder-history-app"...#
#2026 05 01 12:06:19.333#Z#DEBUG#c8df2564-4555-11f1-8bc2-eeee0a96607a.OPERATION#flowable-async-job-executor-thread-10986#
[RestartAppStep] Application "backorder-history-app": 0 of 1 instances running (1 crashed)#
#2026 05 01 12:06:19.402#Z#ERROR#c8df2564-4555-11f1-8bc2-eeee0a96607a.OPERATION#flowable-async-job-executor-thread-10986#
[RestartAppStep] Error starting application "backorder-history-app": Some instances have crashed. Check the logs of your application for more information.
Download the application logs via the dmol command and check them for more information.#
#2026 05 01 12:06:19.408#Z#ERROR#c8df2564-4555-11f1-8bc2-eeee0a96607a.OPERATION#flowable-async-job-executor-thread-10986#
Exception caught#
org.cloudfoundry.multiapps.common.SLException: A step of the process has failed. Retrying it may solve the issue.
	at org.cloudfoundry.multiapps.controller.process.steps.SyncFlowableStep.executeInternal(SyncFlowableStep.java:83)
	at org.cloudfoundry.multiapps.controller.process.steps.SyncFlowableStep.lambda$execute$0(SyncFlowableStep.java:71)
	at org.cloudfoundry.multiapps.controller.core.util.LoggingUtil.logWithCorrelationId(LoggingUtil.java:14)
	at org.cloudfoundry.multiapps.controller.process.steps.SyncFlowableStep.execute(SyncFlowableStep.java:71)
	at org.flowable.engine.impl.delegate.invocation.JavaDelegateInvocation.invoke(JavaDelegateInvocation.java:35)
	at org.flowable.engine.impl.delegate.invocation.DelegateInvocation.proceed(DelegateInvocation.java:32)
	at org.flowable.engine.impl.delegate.invocation.DefaultDelegateInterceptor.handleInvocation(DefaultDelegateInterceptor.java:26)
	at org.flowable.engine.impl.bpmn.behavior.ServiceTaskDelegateExpressionActivityBehavior.execute(ServiceTaskDelegateExpressionActivityBehavior.java:177)
	at org.flowable.engine.impl.agenda.ContinueProcessOperation.executeActivityBehavior(ContinueProcessOperation.java:298)
	at org.flowable.engine.impl.agenda.ContinueProcessOperation.executeSynchronous(ContinueProcessOperation.java:175)
	at org.flowable.engine.impl.agenda.ContinueProcessOperation.continueThroughFlowNode(ContinueProcessOperation.java:125)
	at org.flowable.engine.impl.agenda.ContinueProcessOperation.run(ContinueProcessOperation.java:88)
	at org.flowable.common.engine.impl.AbstractEngineConfiguration.lambda$new$0(AbstractEngineConfiguration.java:198)
	at org.flowable.engine.impl.interceptor.CommandInvoker.executeOperation(CommandInvoker.java:189)
	at org.flowable.engine.impl.interceptor.CommandInvoker.executeOperations(CommandInvoker.java:128)
	at org.flowable.engine.impl.interceptor.CommandInvoker.execute(CommandInvoker.java:80)
	at org.flowable.engine.impl.interceptor.BpmnOverrideContextInterceptor.execute(BpmnOverrideContextInterceptor.java:26)
	at org.flowable.common.engine.impl.interceptor.TransactionContextInterceptor.execute(TransactionContextInterceptor.java:53)
	at org.flowable.common.engine.impl.interceptor.CommandContextInterceptor.execute(CommandContextInterceptor.java:105)
	at org.flowable.common.spring.SpringTransactionInterceptor.lambda$execute$0(SpringTransactionInterceptor.java:57)
	at org.springframework.transaction.support.TransactionTemplate.execute(TransactionTemplate.java:140)
	at org.flowable.common.spring.SpringTransactionInterceptor.execute(SpringTransactionInterceptor.java:57)
	at org.flowable.common.engine.impl.interceptor.LogInterceptor.execute(LogInterceptor.java:30)
	at org.flowable.common.engine.impl.cfg.CommandExecutorImpl.execute(CommandExecutorImpl.java:56)
	at org.flowable.common.engine.impl.cfg.CommandExecutorImpl.execute(CommandExecutorImpl.java:51)
	at org.flowable.job.service.impl.asyncexecutor.ExecuteAsyncRunnable.handleTransactionalJob(ExecuteAsyncRunnable.java:177)
	at org.flowable.job.service.impl.asyncexecutor.ExecuteAsyncRunnable.executeJob(ExecuteAsyncRunnable.java:146)
	at org.flowable.job.service.impl.asyncexecutor.ExecuteAsyncRunnable.runInternally(ExecuteAsyncRunnable.java:122)
	at org.flowable.job.service.impl.asyncexecutor.ExecuteAsyncRunnable.run(ExecuteAsyncRunnable.java:96)
	at java.base/java.util.concurrent.ThreadPoolExecutor.runWorker(ThreadPoolExecutor.java:1090)
	at java.base/java.util.concurrent.ThreadPoolExecutor$Worker.run(ThreadPoolExecutor.java:614)
	at java.base/java.lang.Thread.run(Thread.java:1474)
#2026 05 01 12:06:19.420#Z#DEBUG#c8df2564-4555-11f1-8bc2-eeee0a96607a.OPERATION#flowable-async-job-executor-thread-10986#
Step "Start App" finished#
